all,6sulfosLex_synth,I_Branch_synth,diLacNAc_synth,Ofuc_POFUT1_synth,Ofuc_POFUT2_synth,Oman_POMGNT1_synth,Oman_POMGNT2_synth,Oman_POMT_synth,Sda_synth,Oman_TMTC_synth,ABO_synth,cMan_synth,CSDS_core_synth,CSDS_poly_synth,CSDS_sulf_synth,CS_degrad,collagen_degrad,collagen_synth,core1_synth,core2_synth,core3_synth,core4_synth,CMPSia_synth,cyto_degrad,DS_degrad,dolichol_synth,extracell_degrad,GalCer_synth,ganglio_core_synth,globo_core_synth,glc_transp,GlcCer_core_synth,all_regulators,all_synth,capping_synth,core_synth,all_degrad,donor_transp,elongBranch_synth,allDonor_synth,all_modifiers,all_sulfation,all_transp,lyso_target,glycolipid_core_synth,GAG_core_synth,GAG_degrad,GAG_Lyso_degrad,GAG_poly,GAG_sulf,GSL_core_synth,GSL_degrad,GSL_lyso_degrad,all_glycogenes,GPIanchor_synth,GDPFuc_synth,GDPMan_synth,GDPMan_transp,HS_Nsulf_synth,HS_core_synth,HS_degrad,HS_lyso_degrad,HS_poly,HS_sulf,HNK1_synth,HA_synth,HA_degrad,HA_extracell_degrad,KS_degrad,KS_lyso_degrad,KS_poly,KS_sulf,lacto_core_synth,all_lyso_degrad,mod_transp,mono_transp,mod_synth,Sia_mod,Ngly_trim,Ngly_branch,Ngly_synth,Ngly_degrad,Nglyc_lyso_degrad,neoLacto_core_synth,donor_synth,Ofuc_synth,Oglc_synth,Ogly_synth,Ogly_degrad,Ogly_lyso_degrad,Ogly_sulf,OGalNAc_synth,OGalNAc_core,OGlcNAc_synth,PAPS_synth,PAPS_transp,TyrP_synth,Fuc_synth,GalST_synth,Sia_synth,Sia_ganglio_synth,Sia_Ngly_synth,Sia_OFuc_synth,Sia_Ogly_synth,LacNAcI_synth,LacNAcII_synth,LacNAcIII_synth,UDPGal_synth,UDPGlc_synth,UDPGlcA_synth,UDPGlcA_transp,UDPGalNAc_synth,UDPGalNAc_transp,UDPGlcNAc_synth,UDPXyl_synth,Glycuron_degrad,SLeX,Other
,CHST6,GCNT3,B3GALNT2,LFNG,POFUT2,MGAT5B,POMT1,POMT1,B4GALNT2,TMTC1,FUT1,DPY19L2,CSGALNACT2,CSGALNACT2,CHST15,ARSB,PGGHG,PLOD2,C1GALT1,C1GALT1,B3GALT5,GCNT3,CMAS,NEU2,GUSB,ALG1L2,HPSE,UGT8,UGCG,UGCG,SLC2A2,B3GALNT1,GNPTG,MAN2A2,ST6GALNAC2,PIGH,GLB1,SLC35D1,DSE,GALK1,HS3ST4,NDST3,SLC2A4,NAGPA,B3GALNT1,HAS3,HEXA,HYAL1,EXTL3,HS3ST6,B4GALNT1,GLA,NEU1,GAL3ST3,GPAA1,FCSK,GCK,SLC35D2,NDST2,FAM20B,HPSE,IDUA,EXTL3,HS6ST2,CHST10,HAS2,HYAL1,HYAL4,GNS,GALNS,B3GNT7,CHST1,UGCG,MAN2B1,SLC35B3,SLC2A5,PAPSS2,CASD1,MAN2A2,MGAT4A,STT3A,HEXA,HEXB,UGCG,GMPPB,POFUT2,POGLUT1,GALNT1,NEU2,NEU3,CHST4,B4GALT4,C1GALT1,OGA,PAPSS1,SLC35B3,TPST1,FUT7,GAL3ST2,ST6GAL1,ST6GALNAC5,ST8SIA4,ST6GAL2,ST6GAL1,B3GALT2,B3GNT8,C1GALT1C1,GALT,HK3,UGDH,SLC35D1,GALK2,SLC35D1,GALE,UXS1,UGT1A1,FUT7,CMAHP
,CHST2,GCNT2,B4GALNT3,RFNG,B3GLCT,POMGNT1,POMT2,POMGNT2,,TMTC3,ABO,DPY19L4,B4GALT7,CHSY1,UST,HEXA,,PLOD3,C1GALT1C1,C1GALT1C1,B3GNT6,,GNE,ENGASE,IDUA,ALG12,HYAL3,,B4GALNT1,B4GALT6,SLC2A1,B4GALT6,GNPTAB,XXYLT1,B4GALNT2,B3GAT3,GBA3,SLC35B3,C1GALT1,PMM2,CHST14,HS3ST3A1,SLC35B2,GNPTG,PIGC,HAS1,SGSH,NEU1,EXTL1,HS3ST1,B4GALT6,NEU4,NEU3,STT3A,PIGS,FPGT,HK1,,NDST1,EXTL3,HGSNAT,IDS,EXT2,HS3ST4,B3GAT1,HAS1,HYAL4,HYAL3,HEXB,GNS,B4GALT4,CHST2,B3GNT5,SGSH,SLC35B2,SLC2A4,PAPSS1,SIAE,UGGT2,MGAT3,STT3B,NEU2,FUCA2,B4GALT6,FPGT,B3GLCT,POGLUT3,C1GALT1C1,HEXA,NEU4,GAL3ST4,GALNT5,C1GALT1C1,OGT,PAPSS2,SLC35B2,TPST2,ABO,GAL3ST1,ST6GALNAC3,ST8SIA3,ST3GAL6,ST6GAL1,ST3GAL3,B3GALT1,B4GALT4,C1GALT1,GALK1,PGM1,,,GALE,,AMDHD2,,UGT2A2,ST3GAL4,EOGT
,CHST5,,B4GALNT4,POFUT1,,POMT2,FKTN,POMK,,TMTC2,FUT2,DPY19L1,XYLT1,DSE,CHST7,GUSB,,COLGALT2,B3GNT3,A4GNT,,,RENBP,MAN2C1,ARSK,ALG13,HYAL4,,B4GALT6,B3GALNT1,SLC2A3,UGCG,NAGPA,B4GALT3,B4GALNT3,NAGPA,IDUA,SLC35C1,B3GALT1,PGM1,GAL3ST3,HS6ST3,SLC2A8,M6PR,PIGU,XYLT2,HYAL2,IDUA,EXT1,CHST7,UGT8,NAGA,FUCA2,PLOD3,PIGC,GMDS,GMPPA,,NDST3,XYLT2,GNS,HPSE,EXTL2,NDST1,B3GAT2,HAS3,HYAL3,CEMIP2,NEU3,NEU3,B4GALT1,CHST6,B3GALT5,MAN2B2,,SLC2A8,,,MAN1A2,MGAT2,ALG13,MAN2B2,FUCA1,B3GNT5,GCK,RFNG,XXYLT1,XXYLT1,NEU3,NEU1,GAL3ST2,B4GALT1,A4GNT,,,,,FUT10,GAL3ST3,ST6GALNAC5,ST3GAL5,ST3GAL4,,ST3GAL6,,B3GNT4,,GALE,HK2,,,UAP1,,PGM3,,UGT2B10,C1GALT1,GALNT19
,,,CHST9,B4GALT1,,POMT1,POMK,MGAT5B,,TMTC4,,DPY19L3,CSGALNACT1,CHSY3,CHST14,ARSK,,PLOD1,,GCNT1,,,,,IDS,RPN2,SULF1,,B3GALT4,A4GALT,SLC2A4,B3GALT4,HYOU1,EXT2,B3GALNT2,GALNT16,ARSK,SLC35D2,CHSY3,GNE,CHST15,NDST4,SLC35A1,IGF2R,PIGB,B3GNT7,ARSK,GLB1,CHPF,HS6ST3,B3GNT5,GBA3,GLB1,CANX,PIGV,GFUS,G6PC1,,NDST4,B3GAT3,NAGLU,ARSG,EXT1,HS3ST3B1,,,SPAM1,HYAL2,GLB1,HEXA,B4GALT3,CHST3,B4GALT6,HYAL1,,SLC2A2,,,GANAB,MGAT5,ALG12,NEU3,NEU4,,PGM2,LFNG,GXYLT2,POGLUT1,NEU4,FUCA1,CHST2,B3GALT5,GCNT1,,,,,FUT5,GAL3ST4,ST3GAL3,ST8SIA1,ST3GAL3,,ST8SIA2,,B4GALT5,,,GCK,,,,,UAP1,,UGT2B15,C1GALT1C1,GBGT1
,,,CHST8,MFNG,,,RXYLT1,POMT2,,,,,B3GAT3,CHPF2,CHST12,GALNS,,COLGALT1,,GCNT3,,,,,HEXB,ALG14,SULF2,,,,SLC2A12,A4GALT,SEL1L,MAN1A2,ST8SIA4,RFNG,NEU1,SLC35A1,B4GALNT4,UAP1,NDST4,HS3ST1,SLC2A12,GNPTAB,DPM2,EXTL3,ARSG,IDS,CHSY1,NDST3,B3GALT4,FUCA1,GALC,HEXA,PIGQ,,HK2,,,B4GALT7,SGSH,SGSH,EXTL1,HS3ST3A1,,,CEMIP2,SPAM1,GALNS,GLB1,B3GNT2,CHST5,,HPSE,,SLC2A3,,,UGGT1,MGAT5B,RPN2,NEU4,MAN2B1,,MPI,B4GALT1,POGLUT2,GALNT7,NAGA,HEXA,CHST1,GALNT3,GCNT3,,,,,FUT1,,ST3GAL2,ST6GALNAC4,ST8SIA3,,ST8SIA4,,B3GNT2,,,UGP2,,,,,GNPNAT1,,UGT2B4,GCNT1,
,,,,,,,LARGE2,FKTN,,,,,FAM20B,DSEL,CHST3,HEXB,,,,GCNT4,,,,,GALNS,DPM1,SPAM1,,,,SLC2A8,B4GALNT1,OS9,GALNT8,ST3GAL2,HAS1,HPSE2,SLC35B4,CHPF2,NAGK,CHST4,CHST15,SLC35C1,,PIGW,XYLT1,IDS,GUSB,B3GNT7,UST,A4GALT,GBA,HEXB,SEL1L,PIGX,,GMPPB,,,XYLT1,IDS,ARSK,GLCE,HS6ST1,,,HYAL2,,NEU4,HEXB,,,,GLB1,,SLC2A10,,,MOGS,MGAT4B,FUT8,MAN2B1,MAN2B2,,GMPPA,POFUT1,GXYLT1,GALNT5,NEU1,GLB1,CHST6,GALNT15,GCNT4,,,,,FUT11,,ST8SIA6,ST8SIA5,ST6GAL2,,ST6GALNAC4,,B4GALT3,,,GPI,,,,,NAGK,,UGT2B11,,
,,,,,,,B4GAT1,POMGNT1,,,,,XYLT2,CSGALNACT1,CHST13,,,,,,,,,,ARSB,DPM2,CEMIP2,,,,SLC2A5,B3GALT5,DNAJC10,ALG10B,CHST10,PIGS,HEXB,SLC35A3,B3GNT2,GNPDA1,NDST3,HS3ST4,SLC35D1,,B4GALNT1,FAM20B,GUSB,GALNS,B4GALT1,HS3ST5,UGCG,NEU2,GLA,IGF2R,PIGL,,PMM1,,,B3GALT6,GUSB,HGSNAT,,HS2ST1,,,,,HEXA,NEU1,,,,NEU1,,SLC2A1,,,MANEA,FUT8,DPM2,FUCA1,NEU1,,CRPPA,MFNG,,GALNT16,FUCA1,HEXB,CHST5,GALNT9,B3GNT3,,,,,FUT2,,ST6GALNAC2,ST3GAL2,ST6GAL1,,ST6GALNAC3,,B3GNT7,,,GALE,,,,,GNPDA2,,UGT2B7,,
,,,,,,,LARGE1,B3GALNT2,,,,,B3GALT6,CHPF,CHST11,,,,,,,,,,HEXA,ALG10,HYAL2,,,,SLC2A10,B3GNT5,HSPA5,GCNT2,ST8SIA2,PIGG,GALC,SLC35B2,EXT2,G6PC1,CHST3,HS3ST5,SLC35B4,,B4GALT6,CSGALNACT1,HEXB,HEXA,CSGALNACT1,CHST12,B3GALT5,FUCA2,NEU4,GALNT3,DPM2,,MPI,,,,ARSK,GNS,,HS3ST5,,,,,NEU2,NEU4,,,,FUCA1,,SLC2A12,,,EDEM2,MGAT1,ALG1L2,ENGASE,HEXA,,GALE,,,GALNT13,GLB1,NAGA,GAL3ST3,GALNT17,B3GALT5,,,,,FUT4,,ST8SIA2,ST6GALNAC6,ST8SIA2,,ST6GALNAC1,,B4GALT2,,,G6PC1,,,,,GFPT2,,UGT1A3,,
,,,,,,,B3GALNT2,FKRP,,,,,,,,,,,,,,,,,,DDOST,,,,,,,LMAN2,DDOST,ST6GAL1,GALNT1,GANC,SLC35A2,B3GALT2,CMAS,CHST7,CHST14,SLC2A3,,GPAA1,B3GAT3,HYAL4,NEU4,CSGALNACT2,CHST6,B3GALNT1,HEXB,NAGA,CHST11,PIGU,,PMM2,,,,ARSG,GUSB,,HS6ST3,,,,,NEU1,,,,,HEXA,,,,,MAN1B1,MGAT4C,DPM1,GLB1,NEU3,,GPI,,,GCNT4,FUCA2,FUCA2,,C1GALT1C1,B3GNT6,,,,,FUT6,,ST8SIA1,ST6GALNAC3,,,ST3GAL4,,CHST3,,,HK1,,,,,GFPT1,,UGT2B17,,
,,,,,,,FKRP,LARGE1,,,,,,,,,,,,,,,,,,DAD1,,,,,,,DNAJB11,SIAE,FUT3,B3GALT4,HYAL2,,B4GALT1,DPM1,HS3ST2,GAL3ST1,SLC35D2,,PIGN,B4GALT7,GALNS,ARSK,EXTL2,CHST2,,NEU3,FUCA1,DPY19L2,PIGH,,HK3,,,,IDUA,NAGLU,,NDST3,,,,,,,,,,NEU4,,,,,PRKCSH,,MAN2A1,NEU1,MANBA,,UGDH,,,POFUT2,HEXB,,,B4GALT3,GCNT3,,,,,FUT9,,ST8SIA3,,,,ST8SIA6,,B4GALT1,,,PGM2,,,,,GNPDA1,,UGT1A9,,
,,,,,,,POMGNT2,RXYLT1,,,,,,,,,,,,,,,,,,ALG8,,,,,,,CANX,B4GALT6,B3GAT2,TMTC1,MAN2C1,,EXT1,UGP2,NDST2,HS3ST6,SLC35A3,,B3GALT4,B4GALT3,IDUA,GNS,GLCE,NDST4,,GBA2,HEXA,B3GNT5,MPPE1,,,,,,,,,NDST4,,,,,,,,,,GUSB,,,,,EDEM3,,ALG10,FUCA2,CTBS,,PMM1,,,GALNT6,,,,GALNT2,,,,,,FUT3,,ST3GAL5,,,,ST6GAL2,,,,,,,,,,,,UGT3A1,,
,,,,,,,,B4GAT1,,,,,,,,,,,,,,,,,,ALG10B,,,,,,,IGF2R,DAD1,CASD1,PGAP4,MANBA,,B4GALT5,GALK2,CHST11,CHST7,SLC35A2,,B3GNT5,HAS2,NEU3,HEXB,CHSY3,NDST1,,NEU1,,GAL3ST1,PIGK,,,,,,,,,HS3ST1,,,,,,,,,,GALNS,,,,,MAN1A1,,B3GALT2,MAN2C1,AGA,,NANS,,,POMT2,,,,A4GNT,,,,,,,,ST3GAL4,,,,ST3GAL1,,,,,,,,,,,,UGT1A10,,
,,,,,,,,LARGE2,,,,,,,,,,,,,,,,,,ALG9,,,,,,,M6PR,B3GAT3,ST8SIA6,B3GALNT2,PGGHG,,CHST9,GCK,CHST6,HS3ST2,SLC2A10,,PIGV,PXYLP1,GLB1,NEU3,CHPF2,CHST1,,HEXA,,HYAL4,PIGB,,,,,,,,,HS3ST2,,,,,,,,,,GLA,,,,,MAN2A1,,GNPTG,AGA,GLB1,,DPM2,,,OGT,,,,GALNT14,,,,,,,,ST6GALNAC4,,,,ST6GALNAC2,,,,,,,,,,,,UGT1A5,,
,,,,,,,,,,,,,,,,,,,,,,,,,,DPM3,,,,,,,ERLEC1,ALG1L,FUT4,B4GALT2,SPAM1,,EXTL2,GMPPB,TPST2,UST,SLC2A1,,A4GALT,CSGALNACT2,HYAL3,ARSB,DSE,NDST2,,GLB1,,CSGALNACT2,PIGG,,,,,,,,,HS3ST6,,,,,,,,,,MANBA,,,,,EDEM1,,MGAT1,HEXB,,,GFUS,,,PLOD2,,,,B3GNT3,,,,,,,,ST6GALNAC1,,,,,,,,,,,,,,,,UGT2A1,,
,,,,,,,,,,,,,,,,,,,,,,,,,,ALG1L,,,,,,,CALR,B3GNT6,ST6GAL2,PIGV,MAN2B2,,CSGALNACT1,PGM2,CHST2,GAL3ST2,SLC35B3,,PIGM,B4GALT4,NEU4,,B4GALT4,HS3ST4,,GALC,,RPN2,PIGA,,,,,,,,,NDST2,,,,,,,,,,IDUA,,,,,MAN1C1,,MGAT5B,MANBA,,,PMM2,,,TMTC4,,,,GALNT8,,,,,,,,ST8SIA4,,,,,,,,,,,,,,,,UGT1A4,,
,,,,,,,,,,,,,,,,,,,,,,,,,,DPAGT1,,,,,,,HSP90B1,C1GALT1,ST3GAL3,ALG5,FUCA2,,B3GNT4,GFPT2,GAL3ST2,HS3ST3B1,SLC2A2,,PIGL,B4GALT1,HGSNAT,,DSEL,CHST5,,,,CHPF,PIGM,,,,,,,,,,,,,,,,,,,CTBS,,,,,,,ALG14,CTBS,,,GNE,,,GALNT10,,,,C1GALT1,,,,,,,,ST3GAL6,,,,,,,,,,,,,,,,UGT2A3,,
,,,,,,,,,,,,,,,,,,,,,,,,,,ALG5,,,,,,,,CHST3,ST6GALNAC5,PXYLP1,HPSE,,B4GALT3,GALT,GAL3ST1,GAL3ST4,SLC2A5,,PIGZ,B3GNT2,HPSE,,B4GALT3,CHST14,,,,M6PR,PIGY,,,,,,,,,,,,,,,,,,,GALC,,,,,,,UGGT2,,,,UAP1,,,LFNG,,,,GALNT1,,,,,,,,ST8SIA5,,,,,,,,,,,,,,,,UGT1A7,,
,,,,,,,,,,,,,,,,,,,,,,,,,,ALG6,,,,,,,,B3GLCT,B3GAT1,POMT1,GAA,,EXTL1,GNPNAT1,HS3ST5,CHST4,,,PIGP,B3GALT6,HYAL1,,B3GNT2,HS3ST2,,,,PAPSS1,PIGZ,,,,,,,,,,,,,,,,,,,HGSNAT,,,,,,,PRKCSH,,,,HK1,,,POGLUT3,,,,GALNT12,,,,,,,,ST6GAL2,,,,,,,,,,,,,,,,UGT1A6,,
,,,,,,,,,,,,,,,,,,,,,,,,,,ALG2,,,,,,,,PIGU,ST6GALNAC6,MOGS,ARSG,,GCNT2,GMPPA,CHST12,CHST2,,,MPPE1,,NEU2,,EXT2,CHST3,,,,ST8SIA3,B3GALT4,,,,,,,,,,,,,,,,,,,ARSB,,,,,,,GNPTAB,,,,AMDHD2,,,GALNT3,,,,GALNT7,,,,,,,,ST6GALNAC6,,,,,,,,,,,,,,,,UGT1A8,,
,,,,,,,,,,,,,,,,,,,,,,,,,,ALG1,,,,,,,,POMT2,ABO,PIGY,CTBS,,B4GALNT3,FCSK,HS6ST2,NDST1,,,B3GALT5,,GNS,,,HS2ST1,,,,GCNT3,PIGW,,,,,,,,,,,,,,,,,,,IDS,,,,,,,B4GALT1,,,,NAGK,,,GALNT11,,,,B4GALT5,,,,,,,,ST3GAL1,,,,,,,,,,,,,,,,UGT2B28,,
,,,,,,,,,,,,,,,,,,,,,,,,,,RPN1,,,,,,,,EXTL2,ST8SIA3,C1GALT1C1,GLA,,B4GALT4,GALE,CHST5,CHST12,,,PIGT,,NAGLU,,,CHST11,,,,PIGL,PIGT,,,,,,,,,,,,,,,,,,,GNS,,,,,,,ALG8,,,,GNPDA1,,,GALNT15,,,,GALNT18,,,,,,,,,,,,,,,,,,,,,,,,UGT3A2,,
,,,,,,,,,,,,,,,,,,,,,,,,,,STT3A,,,,,,,,PIGN,ST3GAL5,OGA,IDS,,DSEL,HK2,HS3ST3A1,CHST6,,,PIGK,,CEMIP2,,,CHST13,,,,GXYLT1,PIGP,,,,,,,,,,,,,,,,,,,AGA,,,,,,,MAN1A1,,,,DPM1,,,DPM2,,,,GALNT13,,,,,,,,,,,,,,,,,,,,,,,,,,
,,,,,,,,,,,,,,,,,,,,,,,,,,ALG11,,,,,,,,CHST10,FUT6,LFNG,HYAL4,,B4GALT2,PGM3,CHST1,GAL3ST3,,,PIGS,,ARSB,,,HS3ST3B1,,,,B4GALNT1,PIGO,,,,,,,,,,,,,,,,,,,NAGLU,,,,,,,B4GALT4,,,,UXS1,,,RFNG,,,,GALNT6,,,,,,,,,,,,,,,,,,,,,,,,,,
,,,,,,,,,,,,,,,,,,,,,,,,,,STT3B,,,,,,,,GLCE,FUT10,DPAGT1,NEU2,,EXTL3,GMDS,HS3ST1,NDST2,,,PIGH,,SPAM1,,,HS6ST2,,,,ST3GAL5,PIGF,,,,,,,,,,,,,,,,,,,ARSK,,,,,,,B3GALT1,,,,HK2,,,GALNT2,,,,GCNT1,,,,,,,,,,,,,,,,,,,,,,,,,,
,,,,,,,,,,,,,,,,,,,,,,,,,,ALG3,,,,,,,,TMTC2,ST8SIA1,ALG9,HEXA,,CHPF,FPGT,UST,CHST1,,,PIGF,,NEU1,,,HS6ST1,,,,ABO,PGAP4,,,,,,,,,,,,,,,,,,,NAGA,,,,,,,EDEM2,,,,GFPT1,,,GALNT18,,,,B4GALT2,,,,,,,,,,,,,,,,,,,,,,,,,,
,,,,,,,,,,,,,,,,,,,,,,,,,,,,,,,,,,PIGH,ST3GAL4,B3GNT7,HGSNAT,,CHSY1,GFUS,NDST1,CHST3,,,PGAP4,,,,,HS3ST3A1,,,,DPY19L4,PIGN,,,,,,,,,,,,,,,,,,,HEXB,,,,,,,ALG9,,,,GALK1,,,B3GALT2,,,,B3GALT1,,,,,,,,,,,,,,,,,,,,,,,,,,
,,,,,,,,,,,,,,,,,,,,,,,,,,,,,,,,,,MGAT5,FUT1,B4GALT1,SULF2,,B3GNT7,PAPSS1,CHST13,HS6ST2,,,UGCG,,,,,CHST15,,,,UGGT2,,,,,,,,,,,,,,,,,,,,NEU3,,,,,,,MAN2A2,,,,PGM3,,,B4GALT4,,,,GALNT11,,,,,,,,,,,,,,,,,,,,,,,,,,
,,,,,,,,,,,,,,,,,,,,,,,,,,,,,,,,,,PIGF,FUT9,RPN2,NEU3,,GCNT3,RENBP,HS3ST3B1,HS6ST1,,,PIGO,,,,,,,,,POMK,,,,,,,,,,,,,,,,,,,,ARSG,,,,,,,B4GALT3,,,,HK3,,,POGLUT2,,,,GALNT10,,,,,,,,,,,,,,,,,,,,,,,,,,
,,,,,,,,,,,,,,,,,,,,,,,,,,,,,,,,,,DSEL,FUT11,B3GNT6,NAGA,,B3GNT8,MPI,HS6ST3,CHST5,,,PIGY,,,,,,,,,UXS1,,,,,,,,,,,,,,,,,,,,FUCA2,,,,,,,B4GALT2,,,,GNPDA2,,,C1GALT1,,,,GCNT3,,,,,,,,,,,,,,,,,,,,,,,,,,
,,,,,,,,,,,,,,,,,,,,,,,,,,,,,,,,,,GALNT16,FUT5,B4GALT3,GBA2,,GLCE,UGDH,HS6ST1,HS2ST1,,,PIGG,,,,,,,,,DPY19L1,,,,,,,,,,,,,,,,,,,,,,,,,,,DDOST,,,,ALG5,,,B3GALNT2,,,,GALNT16,,,,,,,,,,,,,,,,,,,,,,,,,,
,,,,,,,,,,,,,,,,,,,,,,,,,,,,,,,,,,DPM3,ST6GALNAC4,GCNT3,HYAL3,,CHST3,GNPDA2,HS2ST1,CHST13,,,PIGX,,,,,,,,,FUT5,,,,,,,,,,,,,,,,,,,,,,,,,,,DAD1,,,,DPM3,,,FKRP,,,,B3GNT6,,,,,,,,,,,,,,,,,,,,,,,,,,
,,,,,,,,,,,,,,,,,,,,,,,,,,,,,,,,,,ST6GAL1,ST6GALNAC3,PIGL,GALNS,,CHST8,UXS1,HS3ST6,CHST11,,,PIGQ,,,,,,,,,GPI,,,,,,,,,,,,,,,,,,,,,,,,,,,ALG10B,,,,GFPT2,,,PLOD3,,,,B3GALT2,,,,,,,,,,,,,,,,,,,,,,,,,,
,,,,,,,,,,,,,,,,,,,,,,,,,,,,,,,,,,B3GAT2,ST6GALNAC1,GXYLT1,SULF1,,CSGALNACT2,ALG5,GAL3ST4,,,,PIGA,,,,,,,,,LARGE1,,,,,,,,,,,,,,,,,,,,,,,,,,,MAN1A2,,,,PGM1,,,A4GNT,,,,GALNT4,,,,,,,,,,,,,,,,,,,,,,,,,,
,,,,,,,,,,,,,,,,,,,,,,,,,,,,,,,,,,RFNG,A3GALT2,GALNT12,GNS,,B3GALNT2,CRPPA,TPST1,,,,UGT8,,,,,,,,,GALNT17,,,,,,,,,,,,,,,,,,,,,,,,,,,DPM3,,,,G6PC1,,,CRPPA,,,,GCNT4,,,,,,,,,,,,,,,,,,,,,,,,,,
,,,,,,,,,,,,,,,,,,,,,,,,,,,,,,,,,,ST8SIA4,FUT7,POMT2,NAGLU,,C1GALT1C1,DPM2,,,,,,,,,,,,,,B4GAT1,,,,,,,,,,,,,,,,,,,,,,,,,,,ALG1L,,,,GALK2,,,GCNT3,,,,,,,,,,,,,,,,,,,,,,,,,,,,,,
,,,,,,,,,,,,,,,,,,,,,,,,,,,,,,,,,,B3GALNT2,ST8SIA5,GALNT7,ARSB,,,DPM3,,,,,,,,,,,,,,ALG11,,,,,,,,,,,,,,,,,,,,,,,,,,,DPAGT1,,,,CMAS,,,GXYLT1,,,,,,,,,,,,,,,,,,,,,,,,,,,,,,
,,,,,,,,,,,,,,,,,,,,,,,,,,,,,,,,,,CASD1,CHST9,GALNT17,HYAL1,,,GFPT1,,,,,,,,,,,,,,RPN1,,,,,,,,,,,,,,,,,,,,,,,,,,,ALG5,,,,RENBP,,,POMGNT2,,,,,,,,,,,,,,,,,,,,,,,,,,,,,,
,,,,,,,,,,,,,,,,,,,,,,,,,,,,,,,,,,GALNT12,CHST8,PIGF,AGA,,,GPI,,,,,,,,,,,,,,OGT,,,,,,,,,,,,,,,,,,,,,,,,,,,MGAT5,,,,UGP2,,,GALNT9,,,,,,,,,,,,,,,,,,,,,,,,,,,,,,
,,,,,,,,,,,,,,,,,,,,,,,,,,,,,,,,,,GANAB,FUT2,PLOD2,GUSB,,,HK3,,,,,,,,,,,,,,GALNT4,,,,,,,,,,,,,,,,,,,,,,,,,,,GANAB,,,,GALT,,,GALNT4,,,,,,,,,,,,,,,,,,,,,,,,,,,,,,
,,,,,,,,,,,,,,,,,,,,,,,,,,,,,,,,,,PIGO,ST3GAL6,PIGO,CEMIP2,,,AMDHD2,,,,,,,,,,,,,,B3GNT4,,,,,,,,,,,,,,,,,,,,,,,,,,,MGAT2,,,,GNPNAT1,,,MFNG,,,,,,,,,,,,,,,,,,,,,,,,,,,,,,
,,,,,,,,,,,,,,,,,,,,,,,,,,,,,,,,,,LFNG,SIAE,MGAT4B,SGSH,,,HK1,,,,,,,,,,,,,,ST3GAL4,,,,,,,,,,,,,,,,,,,,,,,,,,,EDEM3,,,,GMDS,,,B4GALT1,,,,,,,,,,,,,,,,,,,,,,,,,,,,,,
,,,,,,,,,,,,,,,,,,,,,,,,,,,,,,,,,,ST8SIA6,ST3GAL1,COLGALT2,FUCA1,,,PAPSS2,,,,,,,,,,,,,,MGAT4B,,,,,,,,,,,,,,,,,,,,,,,,,,,ALG1,,,,FCSK,,,POFUT1,,,,,,,,,,,,,,,,,,,,,,,,,,,,,,
,,,,,,,,,,,,,,,,,,,,,,,,,,,,,,,,,,PLOD2,,XYLT1,GBA,,,PMM1,,,,,,,,,,,,,,FUT1,,,,,,,,,,,,,,,,,,,,,,,,,,,B4GALT5,,,,,,,GXYLT2,,,,,,,,,,,,,,,,,,,,,,,,,,,,,,
,,,,,,,,,,,,,,,,,,,,,,,,,,,,,,,,,,GXYLT2,,PIGW,ENGASE,,,NANS,,,,,,,,,,,,,,DNAJB11,,,,,,,,,,,,,,,,,,,,,,,,,,,ALG11,,,,,,,DPM1,,,,,,,,,,,,,,,,,,,,,,,,,,,,,,
,,,,,,,,,,,,,,,,,,,,,,,,,,,,,,,,,,TMTC4,,A4GALT,MAN2B1,,,,,,,,,,,,,,,,,PGM3,,,,,,,,,,,,,,,,,,,,,,,,,,,MGAT4A,,,,,,,GALNT17,,,,,,,,,,,,,,,,,,,,,,,,,,,,,,
,,,,,,,,,,,,,,,,,,,,,,,,,,,,,,,,,,FUT4,,GALNT8,NEU4,,,,,,,,,,,,,,,,,CRPPA,,,,,,,,,,,,,,,,,,,,,,,,,,,MAN1B1,,,,,,,B3GNT3,,,,,,,,,,,,,,,,,,,,,,,,,,,,,,
,,,,,,,,,,,,,,,,,,,,,,,,,,,,,,,,,,XYLT2,,UGT8,,,,,,,,,,,,,,,,,,UGT8,,,,,,,,,,,,,,,,,,,,,,,,,,,UGGT1,,,,,,,GALNT8,,,,,,,,,,,,,,,,,,,,,,,,,,,,,,
,,,,,,,,,,,,,,,,,,,,,,,,,,,,,,,,,,COLGALT1,,STT3B,,,,,,,,,,,,,,,,,,SLC35B2,,,,,,,,,,,,,,,,,,,,,,,,,,,MOGS,,,,,,,OGA,,,,,,,,,,,,,,,,,,,,,,,,,,,,,,
,,,,,,,,,,,,,,,,,,,,,,,,,,,,,,,,,,GALNT18,,TMTC3,,,,,,,,,,,,,,,,,,PRKCSH,,,,,,,,,,,,,,,,,,,,,,,,,,,ALG6,,,,,,,TMTC3,,,,,,,,,,,,,,,,,,,,,,,,,,,,,,
,,,,,,,,,,,,,,,,,,,,,,,,,,,,,,,,,,ST6GAL2,,ALG3,,,,,,,,,,,,,,,,,,HYAL1,,,,,,,,,,,,,,,,,,,,,,,,,,,ALG3,,,,,,,POMT1,,,,,,,,,,,,,,,,,,,,,,,,,,,,,,
,,,,,,,,,,,,,,,,,,,,,,,,,,,,,,,,,,DPAGT1,,PIGU,,,,,,,,,,,,,,,,,,SLC2A3,,,,,,,,,,,,,,,,,,,,,,,,,,,NAGPA,,,,,,,GCNT1,,,,,,,,,,,,,,,,,,,,,,,,,,,,,,
,,,,,,,,,,,,,,,,,,,,,,,,,,,,,,,,,,ALG5,,POFUT1,,,,,,,,,,,,,,,,,,TMTC3,,,,,,,,,,,,,,,,,,,,,,,,,,,MGAT4B,,,,,,,B3GNT6,,,,,,,,,,,,,,,,,,,,,,,,,,,,,,
,,,,,,,,,,,,,,,,,,,,,,,,,,,,,,,,,,ST6GALNAC5,,MAN1C1,,,,,,,,,,,,,,,,,,OS9,,,,,,,,,,,,,,,,,,,,,,,,,,,EDEM1,,,,,,,POMGNT1,,,,,,,,,,,,,,,,,,,,,,,,,,,,,,
,,,,,,,,,,,,,,,,,,,,,,,,,,,,,,,,,,PIGG,,B3GALT5,,,,,,,,,,,,,,,,,,ALG3,,,,,,,,,,,,,,,,,,,,,,,,,,,MANEA,,,,,,,B4GALT3,,,,,,,,,,,,,,,,,,,,,,,,,,,,,,
,,,,,,,,,,,,,,,,,,,,,,,,,,,,,,,,,,GALNT14,,ALG1L2,,,,,,,,,,,,,,,,,,B3GNT2,,,,,,,,,,,,,,,,,,,,,,,,,,,ALG2,,,,,,,GALNT12,,,,,,,,,,,,,,,,,,,,,,,,,,,,,,
,,,,,,,,,,,,,,,,,,,,,,,,,,,,,,,,,,PIGX,,MPPE1,,,,,,,,,,,,,,,,,,SLC35C1,,,,,,,,,,,,,,,,,,,,,,,,,,,MGAT4C,,,,,,,LARGE1,,,,,,,,,,,,,,,,,,,,,,,,,,,,,,
,,,,,,,,,,,,,,,,,,,,,,,,,,,,,,,,,,PIGY,,ALG2,,,,,,,,,,,,,,,,,,CHST12,,,,,,,,,,,,,,,,,,,,,,,,,,,RPN1,,,,,,,B4GALT2,,,,,,,,,,,,,,,,,,,,,,,,,,,,,,
,,,,,,,,,,,,,,,,,,,,,,,,,,,,,,,,,,MGAT4A,,ALG10,,,,,,,,,,,,,,,,,,UGP2,,,,,,,,,,,,,,,,,,,,,,,,,,,MAN1C1,,,,,,,FKTN,,,,,,,,,,,,,,,,,,,,,,,,,,,,,,
,,,,,,,,,,,,,,,,,,,,,,,,,,,,,,,,,,POGLUT1,,B4GALT4,,,,,,,,,,,,,,,,,,ST6GALNAC4,,,,,,,,,,,,,,,,,,,,,,,,,,,MGAT3,,,,,,,DPM3,,,,,,,,,,,,,,,,,,,,,,,,,,,,,,
,,,,,,,,,,,,,,,,,,,,,,,,,,,,,,,,,,ALG6,,FUT8,,,,,,,,,,,,,,,,,,SULF1,,,,,,,,,,,,,,,,,,,,,,,,,,,,,,,,,,B3GALT1,,,,,,,,,,,,,,,,,,,,,,,,,,,,,,
,,,,,,,,,,,,,,,,,,,,,,,,,,,,,,,,,,MGAT2,,GALNT11,,,,,,,,,,,,,,,,,,A3GALT2,,,,,,,,,,,,,,,,,,,,,,,,,,,,,,,,,,B3GLCT,,,,,,,,,,,,,,,,,,,,,,,,,,,,,,
,,,,,,,,,,,,,,,,,,,,,,,,,,,,,,,,,,POFUT2,,MAN2A2,,,,,,,,,,,,,,,,,,UGT2B4,,,,,,,,,,,,,,,,,,,,,,,,,,,,,,,,,,COLGALT2,,,,,,,,,,,,,,,,,,,,,,,,,,,,,,
,,,,,,,,,,,,,,,,,,,,,,,,,,,,,,,,,,EDEM3,,MFNG,,,,,,,,,,,,,,,,,,MAN1C1,,,,,,,,,,,,,,,,,,,,,,,,,,,,,,,,,,PLOD1,,,,,,,,,,,,,,,,,,,,,,,,,,,,,,
,,,,,,,,,,,,,,,,,,,,,,,,,,,,,,,,,,OGT,,MGAT5,,,,,,,,,,,,,,,,,,B3GALT5,,,,,,,,,,,,,,,,,,,,,,,,,,,,,,,,,,COLGALT1,,,,,,,,,,,,,,,,,,,,,,,,,,,,,,
,,,,,,,,,,,,,,,,,,,,,,,,,,,,,,,,,,MAN1B1,,GCNT4,,,,,,,,,,,,,,,,,,ST6GALNAC3,,,,,,,,,,,,,,,,,,,,,,,,,,,,,,,,,,GALNT14,,,,,,,,,,,,,,,,,,,,,,,,,,,,,,
,,,,,,,,,,,,,,,,,,,,,,,,,,,,,,,,,,B4GALT5,,MGAT4A,,,,,,,,,,,,,,,,,,GBA2,,,,,,,,,,,,,,,,,,,,,,,,,,,,,,,,,,TMTC1,,,,,,,,,,,,,,,,,,,,,,,,,,,,,,
,,,,,,,,,,,,,,,,,,,,,,,,,,,,,,,,,,TMTC1,,B3GALT2,,,,,,,,,,,,,,,,,,MAN1A1,,,,,,,,,,,,,,,,,,,,,,,,,,,,,,,,,,RXYLT1,,,,,,,,,,,,,,,,,,,,,,,,,,,,,,
,,,,,,,,,,,,,,,,,,,,,,,,,,,,,,,,,,POGLUT2,,DPY19L2,,,,,,,,,,,,,,,,,,FUT10,,,,,,,,,,,,,,,,,,,,,,,,,,,,,,,,,,POMK,,,,,,,,,,,,,,,,,,,,,,,,,,,,,,
,,,,,,,,,,,,,,,,,,,,,,,,,,,,,,,,,,ALG1,,DAD1,,,,,,,,,,,,,,,,,,MAN2B2,,,,,,,,,,,,,,,,,,,,,,,,,,,,,,,,,,B4GAT1,,,,,,,,,,,,,,,,,,,,,,,,,,,,,,
,,,,,,,,,,,,,,,,,,,,,,,,,,,,,,,,,,ST3GAL2,,B3GNT5,,,,,,,,,,,,,,,,,,CEMIP2,,,,,,,,,,,,,,,,,,,,,,,,,,,,,,,,,,MGAT5B,,,,,,,,,,,,,,,,,,,,,,,,,,,,,,
,,,,,,,,,,,,,,,,,,,,,,,,,,,,,,,,,,OGA,,DPM3,,,,,,,,,,,,,,,,,,ALG14,,,,,,,,,,,,,,,,,,,,,,,,,,,,,,,,,,B3GALT5,,,,,,,,,,,,,,,,,,,,,,,,,,,,,,
,,,,,,,,,,,,,,,,,,,,,,,,,,,,,,,,,,NAGPA,,FKTN,,,,,,,,,,,,,,,,,,EXTL1,,,,,,,,,,,,,,,,,,,,,,,,,,,,,,,,,,TMTC2,,,,,,,,,,,,,,,,,,,,,,,,,,,,,,
,,,,,,,,,,,,,,,,,,,,,,,,,,,,,,,,,,PIGV,,B4GALT5,,,,,,,,,,,,,,,,,,MPPE1,,,,,,,,,,,,,,,,,,,,,,,,,,,,,,,,,,B4GALT5,,,,,,,,,,,,,,,,,,,,,,,,,,,,,,
,,,,,,,,,,,,,,,,,,,,,,,,,,,,,,,,,,ALG11,,MAN1A2,,,,,,,,,,,,,,,,,,CHST8,,,,,,,,,,,,,,,,,,,,,,,,,,,,,,,,,,LARGE2,,,,,,,,,,,,,,,,,,,,,,,,,,,,,,
,,,,,,,,,,,,,,,,,,,,,,,,,,,,,,,,,,GCNT4,,ALG13,,,,,,,,,,,,,,,,,,PIGA,,,,,,,,,,,,,,,,,,,,,,,,,,,,,,,,,,,,,,,,,,,,,,,,,,,,,,,,,,,,,,,,
,,,,,,,,,,,,,,,,,,,,,,,,,,,,,,,,,,ST3GAL5,,B3GLCT,,,,,,,,,,,,,,,,,,ALG10,,,,,,,,,,,,,,,,,,,,,,,,,,,,,,,,,,,,,,,,,,,,,,,,,,,,,,,,,,,,,,,,
,,,,,,,,,,,,,,,,,,,,,,,,,,,,,,,,,,GALNT17,,B4GALNT1,,,,,,,,,,,,,,,,,,ST6GALNAC1,,,,,,,,,,,,,,,,,,,,,,,,,,,,,,,,,,,,,,,,,,,,,,,,,,,,,,,,,,,,,,,,
,,,,,,,,,,,,,,,,,,,,,,,,,,,,,,,,,,POFUT1,,PIGK,,,,,,,,,,,,,,,,,,HS3ST3B1,,,,,,,,,,,,,,,,,,,,,,,,,,,,,,,,,,,,,,,,,,,,,,,,,,,,,,,,,,,,,,,,
,,,,,,,,,,,,,,,,,,,,,,,,,,,,,,,,,,FUT6,,UGGT2,,,,,,,,,,,,,,,,,,RXYLT1,,,,,,,,,,,,,,,,,,,,,,,,,,,,,,,,,,,,,,,,,,,,,,,,,,,,,,,,,,,,,,,,
,,,,,,,,,,,,,,,,,,,,,,,,,,,,,,,,,,B3GNT3,,POMK,,,,,,,,,,,,,,,,,,HYAL2,,,,,,,,,,,,,,,,,,,,,,,,,,,,,,,,,,,,,,,,,,,,,,,,,,,,,,,,,,,,,,,,
,,,,,,,,,,,,,,,,,,,,,,,,,,,,,,,,,,B3GNT4,,GALNT9,,,,,,,,,,,,,,,,,,PIGB,,,,,,,,,,,,,,,,,,,,,,,,,,,,,,,,,,,,,,,,,,,,,,,,,,,,,,,,,,,,,,,,
,,,,,,,,,,,,,,,,,,,,,,,,,,,,,,,,,,CSGALNACT2,,POGLUT2,,,,,,,,,,,,,,,,,,HS3ST6,,,,,,,,,,,,,,,,,,,,,,,,,,,,,,,,,,,,,,,,,,,,,,,,,,,,,,,,,,,,,,,,
,,,,,,,,,,,,,,,,,,,,,,,,,,,,,,,,,,PIGQ,,B3GNT3,,,,,,,,,,,,,,,,,,NEU1,,,,,,,,,,,,,,,,,,,,,,,,,,,,,,,,,,,,,,,,,,,,,,,,,,,,,,,,,,,,,,,,
,,,,,,,,,,,,,,,,,,,,,,,,,,,,,,,,,,MANEA,,GALNT4,,,,,,,,,,,,,,,,,,GALK1,,,,,,,,,,,,,,,,,,,,,,,,,,,,,,,,,,,,,,,,,,,,,,,,,,,,,,,,,,,,,,,,
,,,,,,,,,,,,,,,,,,,,,,,,,,,,,,,,,,PIGL,,PLOD1,,,,,,,,,,,,,,,,,,ARSG,,,,,,,,,,,,,,,,,,,,,,,,,,,,,,,,,,,,,,,,,,,,,,,,,,,,,,,,,,,,,,,,
,,,,,,,,,,,,,,,,,,,,,,,,,,,,,,,,,,C1GALT1C1,,PIGX,,,,,,,,,,,,,,,,,,POMGNT1,,,,,,,,,,,,,,,,,,,,,,,,,,,,,,,,,,,,,,,,,,,,,,,,,,,,,,,,,,,,,,,,
,,,,,,,,,,,,,,,,,,,,,,,,,,,,,,,,,,ALG2,,MGAT3,,,,,,,,,,,,,,,,,,FAM20B,,,,,,,,,,,,,,,,,,,,,,,,,,,,,,,,,,,,,,,,,,,,,,,,,,,,,,,,,,,,,,,,
,,,,,,,,,,,,,,,,,,,,,,,,,,,,,,,,,,EDEM1,,POFUT2,,,,,,,,,,,,,,,,,,FKRP,,,,,,,,,,,,,,,,,,,,,,,,,,,,,,,,,,,,,,,,,,,,,,,,,,,,,,,,,,,,,,,,
,,,,,,,,,,,,,,,,,,,,,,,,,,,,,,,,,,UGGT1,,PRKCSH,,,,,,,,,,,,,,,,,,SULF2,,,,,,,,,,,,,,,,,,,,,,,,,,,,,,,,,,,,,,,,,,,,,,,,,,,,,,,,,,,,,,,,
,,,,,,,,,,,,,,,,,,,,,,,,,,,,,,,,,,ST8SIA2,,MGAT1,,,,,,,,,,,,,,,,,,SLC2A10,,,,,,,,,,,,,,,,,,,,,,,,,,,,,,,,,,,,,,,,,,,,,,,,,,,,,,,,,,,,,,,,
,,,,,,,,,,,,,,,,,,,,,,,,,,,,,,,,,,MOGS,,ALG6,,,,,,,,,,,,,,,,,,MFNG,,,,,,,,,,,,,,,,,,,,,,,,,,,,,,,,,,,,,,,,,,,,,,,,,,,,,,,,,,,,,,,,
,,,,,,,,,,,,,,,,,,,,,,,,,,,,,,,,,,FUT3,,UGGT1,,,,,,,,,,,,,,,,,,FUT11,,,,,,,,,,,,,,,,,,,,,,,,,,,,,,,,,,,,,,,,,,,,,,,,,,,,,,,,,,,,,,,,
,,,,,,,,,,,,,,,,,,,,,,,,,,,,,,,,,,POMT1,,DPM1,,,,,,,,,,,,,,,,,,GALNT1,,,,,,,,,,,,,,,,,,,,,,,,,,,,,,,,,,,,,,,,,,,,,,,,,,,,,,,,,,,,,,,,
,,,,,,,,,,,,,,,,,,,,,,,,,,,,,,,,,,RXYLT1,,MAN1A1,,,,,,,,,,,,,,,,,,PGM1,,,,,,,,,,,,,,,,,,,,,,,,,,,,,,,,,,,,,,,,,,,,,,,,,,,,,,,,,,,,,,,,
,,,,,,,,,,,,,,,,,,,,,,,,,,,,,,,,,,ALG3,,ALG14,,,,,,,,,,,,,,,,,,GALNT6,,,,,,,,,,,,,,,,,,,,,,,,,,,,,,,,,,,,,,,,,,,,,,,,,,,,,,,,,,,,,,,,
,,,,,,,,,,,,,,,,,,,,,,,,,,,,,,,,,,MGAT3,,GPAA1,,,,,,,,,,,,,,,,,,B3GALT2,,,,,,,,,,,,,,,,,,,,,,,,,,,,,,,,,,,,,,,,,,,,,,,,,,,,,,,,,,,,,,,,
,,,,,,,,,,,,,,,,,,,,,,,,,,,,,,,,,,ST8SIA1,,GALNT5,,,,,,,,,,,,,,,,,,SLC35A3,,,,,,,,,,,,,,,,,,,,,,,,,,,,,,,,,,,,,,,,,,,,,,,,,,,,,,,,,,,,,,,,
,,,,,,,,,,,,,,,,,,,,,,,,,,,,,,,,,,ST3GAL4,,PIGA,,,,,,,,,,,,,,,,,,UGT1A9,,,,,,,,,,,,,,,,,,,,,,,,,,,,,,,,,,,,,,,,,,,,,,,,,,,,,,,,,,,,,,,,
,,,,,,,,,,,,,,,,,,,,,,,,,,,,,,,,,,MAN1C1,,MGAT5B,,,,,,,,,,,,,,,,,,FKTN,,,,,,,,,,,,,,,,,,,,,,,,,,,,,,,,,,,,,,,,,,,,,,,,,,,,,,,,,,,,,,,,
,,,,,,,,,,,,,,,,,,,,,,,,,,,,,,,,,,PXYLP1,,PIGC,,,,,,,,,,,,,,,,,,UGT2A1,,,,,,,,,,,,,,,,,,,,,,,,,,,,,,,,,,,,,,,,,,,,,,,,,,,,,,,,,,,,,,,,
,,,,,,,,,,,,,,,,,,,,,,,,,,,,,,,,,,DPY19L2,,GALNT18,,,,,,,,,,,,,,,,,,UGT1A5,,,,,,,,,,,,,,,,,,,,,,,,,,,,,,,,,,,,,,,,,,,,,,,,,,,,,,,,,,,,,,,,
,,,,,,,,,,,,,,,,,,,,,,,,,,,,,,,,,,MPPE1,,COLGALT1,,,,,,,,,,,,,,,,,,GNE,,,,,,,,,,,,,,,,,,,,,,,,,,,,,,,,,,,,,,,,,,,,,,,,,,,,,,,,,,,,,,,,
,,,,,,,,,,,,,,,,,,,,,,,,,,,,,,,,,,GALNT7,,GCNT1,,,,,,,,,,,,,,,,,,ALG13,,,,,,,,,,,,,,,,,,,,,,,,,,,,,,,,,,,,,,,,,,,,,,,,,,,,,,,,,,,,,,,,
,,,,,,,,,,,,,,,,,,,,,,,,,,,,,,,,,,ST3GAL3,,PIGM,,,,,,,,,,,,,,,,,,ERLEC1,,,,,,,,,,,,,,,,,,,,,,,,,,,,,,,,,,,,,,,,,,,,,,,,,,,,,,,,,,,,,,,,
,,,,,,,,,,,,,,,,,,,,,,,,,,,,,,,,,,B3GALT5,,PIGQ,,,,,,,,,,,,,,,,,,B4GALT2,,,,,,,,,,,,,,,,,,,,,,,,,,,,,,,,,,,,,,,,,,,,,,,,,,,,,,,,,,,,,,,,
,,,,,,,,,,,,,,,,,,,,,,,,,,,,,,,,,,UGT8,,POMGNT1,,,,,,,,,,,,,,,,,,PIGK,,,,,,,,,,,,,,,,,,,,,,,,,,,,,,,,,,,,,,,,,,,,,,,,,,,,,,,,,,,,,,,,
,,,,,,,,,,,,,,,,,,,,,,,,,,,,,,,,,,TMTC3,,FAM20B,,,,,,,,,,,,,,,,,,GALNT10,,,,,,,,,,,,,,,,,,,,,,,,,,,,,,,,,,,,,,,,,,,,,,,,,,,,,,,,,,,,,,,,
,,,,,,,,,,,,,,,,,,,,,,,,,,,,,,,,,,B3GAT1,,ALG1,,,,,,,,,,,,,,,,,,MAN2A1,,,,,,,,,,,,,,,,,,,,,,,,,,,,,,,,,,,,,,,,,,,,,,,,,,,,,,,,,,,,,,,,
,,,,,,,,,,,,,,,,,,,,,,,,,,,,,,,,,,MGAT4B,,B4GALT7,,,,,,,,,,,,,,,,,,UGT2B28,,,,,,,,,,,,,,,,,,,,,,,,,,,,,,,,,,,,,,,,,,,,,,,,,,,,,,,,,,,,,,,,
,,,,,,,,,,,,,,,,,,,,,,,,,,,,,,,,,,PIGK,,EDEM3,,,,,,,,,,,,,,,,,,ST8SIA5,,,,,,,,,,,,,,,,,,,,,,,,,,,,,,,,,,,,,,,,,,,,,,,,,,,,,,,,,,,,,,,,
,,,,,,,,,,,,,,,,,,,,,,,,,,,,,,,,,,B3GALNT1,,MANEA,,,,,,,,,,,,,,,,,,FUT7,,,,,,,,,,,,,,,,,,,,,,,,,,,,,,,,,,,,,,,,,,,,,,,,,,,,,,,,,,,,,,,,
,,,,,,,,,,,,,,,,,,,,,,,,,,,,,,,,,,PIGM,,GALNT6,,,,,,,,,,,,,,,,,,ST3GAL6,,,,,,,,,,,,,,,,,,,,,,,,,,,,,,,,,,,,,,,,,,,,,,,,,,,,,,,,,,,,,,,,
,,,,,,,,,,,,,,,,,,,,,,,,,,,,,,,,,,MGAT4C,,PIGZ,,,,,,,,,,,,,,,,,,GALNT9,,,,,,,,,,,,,,,,,,,,,,,,,,,,,,,,,,,,,,,,,,,,,,,,,,,,,,,,,,,,,,,,
,,,,,,,,,,,,,,,,,,,,,,,,,,,,,,,,,,GCNT3,,POGLUT1,,,,,,,,,,,,,,,,,,FPGT,,,,,,,,,,,,,,,,,,,,,,,,,,,,,,,,,,,,,,,,,,,,,,,,,,,,,,,,,,,,,,,,
,,,,,,,,,,,,,,,,,,,,,,,,,,,,,,,,,,PIGC,,MGAT4C,,,,,,,,,,,,,,,,,,GUSB,,,,,,,,,,,,,,,,,,,,,,,,,,,,,,,,,,,,,,,,,,,,,,,,,,,,,,,,,,,,,,,,
,,,,,,,,,,,,,,,,,,,,,,,,,,,,,,,,,,RPN1,,ALG12,,,,,,,,,,,,,,,,,,SLC35A1,,,,,,,,,,,,,,,,,,,,,,,,,,,,,,,,,,,,,,,,,,,,,,,,,,,,,,,,,,,,,,,,
,,,,,,,,,,,,,,,,,,,,,,,,,,,,,,,,,,FUT8,,EDEM1,,,,,,,,,,,,,,,,,,EXT1,,,,,,,,,,,,,,,,,,,,,,,,,,,,,,,,,,,,,,,,,,,,,,,,,,,,,,,,,,,,,,,,
,,,,,,,,,,,,,,,,,,,,,,,,,,,,,,,,,,B4GALT7,,DPM2,,,,,,,,,,,,,,,,,,CHST9,,,,,,,,,,,,,,,,,,,,,,,,,,,,,,,,,,,,,,,,,,,,,,,,,,,,,,,,,,,,,,,,
,,,,,,,,,,,,,,,,,,,,,,,,,,,,,,,,,,B3GNT8,,GALNT10,,,,,,,,,,,,,,,,,,FUT2,,,,,,,,,,,,,,,,,,,,,,,,,,,,,,,,,,,,,,,,,,,,,,,,,,,,,,,,,,,,,,,,
,,,,,,,,,,,,,,,,,,,,,,,,,,,,,,,,,,PIGZ,,GALNT3,,,,,,,,,,,,,,,,,,GALNT15,,,,,,,,,,,,,,,,,,,,,,,,,,,,,,,,,,,,,,,,,,,,,,,,,,,,,,,,,,,,,,,,
,,,,,,,,,,,,,,,,,,,,,,,,,,,,,,,,,,ABO,,CSGALNACT2,,,,,,,,,,,,,,,,,,PLOD1,,,,,,,,,,,,,,,,,,,,,,,,,,,,,,,,,,,,,,,,,,,,,,,,,,,,,,,,,,,,,,,,
,,,,,,,,,,,,,,,,,,,,,,,,,,,,,,,,,,ST6GALNAC6,,GNPTG,,,,,,,,,,,,,,,,,,B4GALNT4,,,,,,,,,,,,,,,,,,,,,,,,,,,,,,,,,,,,,,,,,,,,,,,,,,,,,,,,,,,,,,,,
,,,,,,,,,,,,,,,,,,,,,,,,,,,,,,,,,,CSGALNACT1,,B3GALNT1,,,,,,,,,,,,,,,,,,CSGALNACT1,,,,,,,,,,,,,,,,,,,,,,,,,,,,,,,,,,,,,,,,,,,,,,,,,,,,,,,,,,,,,,,,
,,,,,,,,,,,,,,,,,,,,,,,,,,,,,,,,,,PIGP,,ALG11,,,,,,,,,,,,,,,,,,G6PC1,,,,,,,,,,,,,,,,,,,,,,,,,,,,,,,,,,,,,,,,,,,,,,,,,,,,,,,,,,,,,,,,
,,,,,,,,,,,,,,,,,,,,,,,,,,,,,,,,,,PIGB,,OGT,,,,,,,,,,,,,,,,,,NDST1,,,,,,,,,,,,,,,,,,,,,,,,,,,,,,,,,,,,,,,,,,,,,,,,,,,,,,,,,,,,,,,,
,,,,,,,,,,,,,,,,,,,,,,,,,,,,,,,,,,CHSY1,,GALNT13,,,,,,,,,,,,,,,,,,HAS2,,,,,,,,,,,,,,,,,,,,,,,,,,,,,,,,,,,,,,,,,,,,,,,,,,,,,,,,,,,,,,,,
,,,,,,,,,,,,,,,,,,,,,,,,,,,,,,,,,,FUT11,,GNPTAB,,,,,,,,,,,,,,,,,,HS6ST1,,,,,,,,,,,,,,,,,,,,,,,,,,,,,,,,,,,,,,,,,,,,,,,,,,,,,,,,,,,,,,,,
,,,,,,,,,,,,,,,,,,,,,,,,,,,,,,,,,,B4GAT1,,B3GNT2,,,,,,,,,,,,,,,,,,MGAT1,,,,,,,,,,,,,,,,,,,,,,,,,,,,,,,,,,,,,,,,,,,,,,,,,,,,,,,,,,,,,,,,
,,,,,,,,,,,,,,,,,,,,,,,,,,,,,,,,,,DPM2,,HAS3,,,,,,,,,,,,,,,,,,DNAJC10,,,,,,,,,,,,,,,,,,,,,,,,,,,,,,,,,,,,,,,,,,,,,,,,,,,,,,,,,,,,,,,,
,,,,,,,,,,,,,,,,,,,,,,,,,,,,,,,,,,ST8SIA3,,GALNT2,,,,,,,,,,,,,,,,,,SLC2A5,,,,,,,,,,,,,,,,,,,,,,,,,,,,,,,,,,,,,,,,,,,,,,,,,,,,,,,,,,,,,,,,
,,,,,,,,,,,,,,,,,,,,,,,,,,,,,,,,,,STT3A,,TMTC2,,,,,,,,,,,,,,,,,,UGT2B10,,,,,,,,,,,,,,,,,,,,,,,,,,,,,,,,,,,,,,,,,,,,,,,,,,,,,,,,,,,,,,,,
,,,,,,,,,,,,,,,,,,,,,,,,,,,,,,,,,,ALG12,,EXTL3,,,,,,,,,,,,,,,,,,ALG8,,,,,,,,,,,,,,,,,,,,,,,,,,,,,,,,,,,,,,,,,,,,,,,,,,,,,,,,,,,,,,,,
,,,,,,,,,,,,,,,,,,,,,,,,,,,,,,,,,,STT3B,,B3GALT1,,,,,,,,,,,,,,,,,,ARSB,,,,,,,,,,,,,,,,,,,,,,,,,,,,,,,,,,,,,,,,,,,,,,,,,,,,,,,,,,,,,,,,
,,,,,,,,,,,,,,,,,,,,,,,,,,,,,,,,,,ALG1L2,,PIGT,,,,,,,,,,,,,,,,,,DPM1,,,,,,,,,,,,,,,,,,,,,,,,,,,,,,,,,,,,,,,,,,,,,,,,,,,,,,,,,,,,,,,,
,,,,,,,,,,,,,,,,,,,,,,,,,,,,,,,,,,DPM1,,RXYLT1,,,,,,,,,,,,,,,,,,NAGA,,,,,,,,,,,,,,,,,,,,,,,,,,,,,,,,,,,,,,,,,,,,,,,,,,,,,,,,,,,,,,,,
,,,,,,,,,,,,,,,,,,,,,,,,,,,,,,,,,,ALG13,,EDEM2,,,,,,,,,,,,,,,,,,GALNT13,,,,,,,,,,,,,,,,,,,,,,,,,,,,,,,,,,,,,,,,,,,,,,,,,,,,,,,,,,,,,,,,
,,,,,,,,,,,,,,,,,,,,,,,,,,,,,,,,,,HAS2,,PIGB,,,,,,,,,,,,,,,,,,GNPTAB,,,,,,,,,,,,,,,,,,,,,,,,,,,,,,,,,,,,,,,,,,,,,,,,,,,,,,,,,,,,,,,,
,,,,,,,,,,,,,,,,,,,,,,,,,,,,,,,,,,FUT10,,GANAB,,,,,,,,,,,,,,,,,,DSE,,,,,,,,,,,,,,,,,,,,,,,,,,,,,,,,,,,,,,,,,,,,,,,,,,,,,,,,,,,,,,,,
,,,,,,,,,,,,,,,,,,,,,,,,,,,,,,,,,,B4GALNT4,,PIGP,,,,,,,,,,,,,,,,,,POMGNT2,,,,,,,,,,,,,,,,,,,,,,,,,,,,,,,,,,,,,,,,,,,,,,,,,,,,,,,,,,,,,,,,
,,,,,,,,,,,,,,,,,,,,,,,,,,,,,,,,,,DPY19L4,,UGCG,,,,,,,,,,,,,,,,,,UGT3A1,,,,,,,,,,,,,,,,,,,,,,,,,,,,,,,,,,,,,,,,,,,,,,,,,,,,,,,,,,,,,,,,
,,,,,,,,,,,,,,,,,,,,,,,,,,,,,,,,,,ST6GALNAC3,,FKRP,,,,,,,,,,,,,,,,,,SLC2A4,,,,,,,,,,,,,,,,,,,,,,,,,,,,,,,,,,,,,,,,,,,,,,,,,,,,,,,,,,,,,,,,
,,,,,,,,,,,,,,,,,,,,,,,,,,,,,,,,,,FKTN,,A4GNT,,,,,,,,,,,,,,,,,,GPAA1,,,,,,,,,,,,,,,,,,,,,,,,,,,,,,,,,,,,,,,,,,,,,,,,,,,,,,,,,,,,,,,,
,,,,,,,,,,,,,,,,,,,,,,,,,,,,,,,,,,COLGALT2,,PLOD3,,,,,,,,,,,,,,,,,,CHST1,,,,,,,,,,,,,,,,,,,,,,,,,,,,,,,,,,,,,,,,,,,,,,,,,,,,,,,,,,,,,,,,
,,,,,,,,,,,,,,,,,,,,,,,,,,,,,,,,,,GALNT3,,STT3A,,,,,,,,,,,,,,,,,,SLC35B3,,,,,,,,,,,,,,,,,,,,,,,,,,,,,,,,,,,,,,,,,,,,,,,,,,,,,,,,,,,,,,,,
,,,,,,,,,,,,,,,,,,,,,,,,,,,,,,,,,,PIGT,,DDOST,,,,,,,,,,,,,,,,,,GALNT5,,,,,,,,,,,,,,,,,,,,,,,,,,,,,,,,,,,,,,,,,,,,,,,,,,,,,,,,,,,,,,,,
,,,,,,,,,,,,,,,,,,,,,,,,,,,,,,,,,,RPN2,,C1GALT1,,,,,,,,,,,,,,,,,,CHST15,,,,,,,,,,,,,,,,,,,,,,,,,,,,,,,,,,,,,,,,,,,,,,,,,,,,,,,,,,,,,,,,
,,,,,,,,,,,,,,,,,,,,,,,,,,,,,,,,,,CHPF2,,XXYLT1,,,,,,,,,,,,,,,,,,GALC,,,,,,,,,,,,,,,,,,,,,,,,,,,,,,,,,,,,,,,,,,,,,,,,,,,,,,,,,,,,,,,,
,,,,,,,,,,,,,,,,,,,,,,,,,,,,,,,,,,FAM20B,,MAN1B1,,,,,,,,,,,,,,,,,,HAS3,,,,,,,,,,,,,,,,,,,,,,,,,,,,,,,,,,,,,,,,,,,,,,,,,,,,,,,,,,,,,,,,
,,,,,,,,,,,,,,,,,,,,,,,,,,,,,,,,,,FUT7,,DPY19L4,,,,,,,,,,,,,,,,,,CHST2,,,,,,,,,,,,,,,,,,,,,,,,,,,,,,,,,,,,,,,,,,,,,,,,,,,,,,,,,,,,,,,,
,,,,,,,,,,,,,,,,,,,,,,,,,,,,,,,,,,GXYLT1,,ALG10B,,,,,,,,,,,,,,,,,,MGAT5B,,,,,,,,,,,,,,,,,,,,,,,,,,,,,,,,,,,,,,,,,,,,,,,,,,,,,,,,,,,,,,,,
,,,,,,,,,,,,,,,,,,,,,,,,,,,,,,,,,,PLOD1,,DPY19L1,,,,,,,,,,,,,,,,,,AGA,,,,,,,,,,,,,,,,,,,,,,,,,,,,,,,,,,,,,,,,,,,,,,,,,,,,,,,,,,,,,,,,
,,,,,,,,,,,,,,,,,,,,,,,,,,,,,,,,,,GALNT4,,MAN2A1,,,,,,,,,,,,,,,,,,HGSNAT,,,,,,,,,,,,,,,,,,,,,,,,,,,,,,,,,,,,,,,,,,,,,,,,,,,,,,,,,,,,,,,,
,,,,,,,,,,,,,,,,,,,,,,,,,,,,,,,,,,POMGNT1,,POGLUT3,,,,,,,,,,,,,,,,,,TMTC2,,,,,,,,,,,,,,,,,,,,,,,,,,,,,,,,,,,,,,,,,,,,,,,,,,,,,,,,,,,,,,,,
,,,,,,,,,,,,,,,,,,,,,,,,,,,,,,,,,,B3GNT2,,LARGE1,,,,,,,,,,,,,,,,,,CHSY3,,,,,,,,,,,,,,,,,,,,,,,,,,,,,,,,,,,,,,,,,,,,,,,,,,,,,,,,,,,,,,,,
,,,,,,,,,,,,,,,,,,,,,,,,,,,,,,,,,,GALNT15,,B4GAT1,,,,,,,,,,,,,,,,,,UGT1A1,,,,,,,,,,,,,,,,,,,,,,,,,,,,,,,,,,,,,,,,,,,,,,,,,,,,,,,,,,,,,,,,
,,,,,,,,,,,,,,,,,,,,,,,,,,,,,,,,,,PIGW,,RPN1,,,,,,,,,,,,,,,,,,B3GALT1,,,,,,,,,,,,,,,,,,,,,,,,,,,,,,,,,,,,,,,,,,,,,,,,,,,,,,,,,,,,,,,,
,,,,,,,,,,,,,,,,,,,,,,,,,,,,,,,,,,FKRP,,B4GALT6,,,,,,,,,,,,,,,,,,B4GALT3,,,,,,,,,,,,,,,,,,,,,,,,,,,,,,,,,,,,,,,,,,,,,,,,,,,,,,,,,,,,,,,,
,,,,,,,,,,,,,,,,,,,,,,,,,,,,,,,,,,MFNG,,PIGN,,,,,,,,,,,,,,,,,,GAL3ST2,,,,,,,,,,,,,,,,,,,,,,,,,,,,,,,,,,,,,,,,,,,,,,,,,,,,,,,,,,,,,,,,
,,,,,,,,,,,,,,,,,,,,,,,,,,,,,,,,,,GALNT2,,GALNT15,,,,,,,,,,,,,,,,,,GCNT1,,,,,,,,,,,,,,,,,,,,,,,,,,,,,,,,,,,,,,,,,,,,,,,,,,,,,,,,,,,,,,,,
,,,,,,,,,,,,,,,,,,,,,,,,,,,,,,,,,,MAN2A1,,TMTC4,,,,,,,,,,,,,,,,,,HAS1,,,,,,,,,,,,,,,,,,,,,,,,,,,,,,,,,,,,,,,,,,,,,,,,,,,,,,,,,,,,,,,,
,,,,,,,,,,,,,,,,,,,,,,,,,,,,,,,,,,FUT1,,CSGALNACT1,,,,,,,,,,,,,,,,,,GFPT2,,,,,,,,,,,,,,,,,,,,,,,,,,,,,,,,,,,,,,,,,,,,,,,,,,,,,,,,,,,,,,,,
,,,,,,,,,,,,,,,,,,,,,,,,,,,,,,,,,,B4GALNT1,,DPY19L3,,,,,,,,,,,,,,,,,,ST3GAL1,,,,,,,,,,,,,,,,,,,,,,,,,,,,,,,,,,,,,,,,,,,,,,,,,,,,,,,,,,,,,,,,
,,,,,,,,,,,,,,,,,,,,,,,,,,,,,,,,,,GALNT9,,ALG1L,,,,,,,,,,,,,,,,,,PIGS,,,,,,,,,,,,,,,,,,,,,,,,,,,,,,,,,,,,,,,,,,,,,,,,,,,,,,,,,,,,,,,,
,,,,,,,,,,,,,,,,,,,,,,,,,,,,,,,,,,PIGS,,CRPPA,,,,,,,,,,,,,,,,,,IDUA,,,,,,,,,,,,,,,,,,,,,,,,,,,,,,,,,,,,,,,,,,,,,,,,,,,,,,,,,,,,,,,,
,,,,,,,,,,,,,,,,,,,,,,,,,,,,,,,,,,B3GALT2,,XYLT2,,,,,,,,,,,,,,,,,,B3GALT4,,,,,,,,,,,,,,,,,,,,,,,,,,,,,,,,,,,,,,,,,,,,,,,,,,,,,,,,,,,,,,,,
,,,,,,,,,,,,,,,,,,,,,,,,,,,,,,,,,,EXTL1,,HAS2,,,,,,,,,,,,,,,,,,PLOD2,,,,,,,,,,,,,,,,,,,,,,,,,,,,,,,,,,,,,,,,,,,,,,,,,,,,,,,,,,,,,,,,
,,,,,,,,,,,,,,,,,,,,,,,,,,,,,,,,,,MGAT1,,LARGE2,,,,,,,,,,,,,,,,,,UGT2A3,,,,,,,,,,,,,,,,,,,,,,,,,,,,,,,,,,,,,,,,,,,,,,,,,,,,,,,,,,,,,,,,
,,,,,,,,,,,,,,,,,,,,,,,,,,,,,,,,,,FUT9,,GALNT14,,,,,,,,,,,,,,,,,,HS3ST1,,,,,,,,,,,,,,,,,,,,,,,,,,,,,,,,,,,,,,,,,,,,,,,,,,,,,,,,,,,,,,,,
,,,,,,,,,,,,,,,,,,,,,,,,,,,,,,,,,,GPAA1,,GXYLT2,,,,,,,,,,,,,,,,,,SIAE,,,,,,,,,,,,,,,,,,,,,,,,,,,,,,,,,,,,,,,,,,,,,,,,,,,,,,,,,,,,,,,,
,,,,,,,,,,,,,,,,,,,,,,,,,,,,,,,,,,B3GALT4,,ALG8,,,,,,,,,,,,,,,,,,CHST5,,,,,,,,,,,,,,,,,,,,,,,,,,,,,,,,,,,,,,,,,,,,,,,,,,,,,,,,,,,,,,,,
,,,,,,,,,,,,,,,,,,,,,,,,,,,,,,,,,,DPY19L1,,MGAT2,,,,,,,,,,,,,,,,,,AMDHD2,,,,,,,,,,,,,,,,,,,,,,,,,,,,,,,,,,,,,,,,,,,,,,,,,,,,,,,,,,,,,,,,
,,,,,,,,,,,,,,,,,,,,,,,,,,,,,,,,,,GCNT1,,POMGNT2,,,,,,,,,,,,,,,,,,ENGASE,,,,,,,,,,,,,,,,,,,,,,,,,,,,,,,,,,,,,,,,,,,,,,,,,,,,,,,,,,,,,,,,
,,,,,,,,,,,,,,,,,,,,,,,,,,,,,,,,,,CHPF,,B3GALT6,,,,,,,,,,,,,,,,,,PGAP4,,,,,,,,,,,,,,,,,,,,,,,,,,,,,,,,,,,,,,,,,,,,,,,,,,,,,,,,,,,,,,,,
,,,,,,,,,,,,,,,,,,,,,,,,,,,,,,,,,,PLOD3,,,,,,,,,,,,,,,,,,,,GALT,,,,,,,,,,,,,,,,,,,,,,,,,,,,,,,,,,,,,,,,,,,,,,,,,,,,,,,,,,,,,,,,
,,,,,,,,,,,,,,,,,,,,,,,,,,,,,,,,,,GALNT10,,,,,,,,,,,,,,,,,,,,PGGHG,,,,,,,,,,,,,,,,,,,,,,,,,,,,,,,,,,,,,,,,,,,,,,,,,,,,,,,,,,,,,,,,
,,,,,,,,,,,,,,,,,,,,,,,,,,,,,,,,,,GALNT5,,,,,,,,,,,,,,,,,,,,SLC35D2,,,,,,,,,,,,,,,,,,,,,,,,,,,,,,,,,,,,,,,,,,,,,,,,,,,,,,,,,,,,,,,,
,,,,,,,,,,,,,,,,,,,,,,,,,,,,,,,,,,ALG14,,,,,,,,,,,,,,,,,,,,DDOST,,,,,,,,,,,,,,,,,,,,,,,,,,,,,,,,,,,,,,,,,,,,,,,,,,,,,,,,,,,,,,,,
,,,,,,,,,,,,,,,,,,,,,,,,,,,,,,,,,,LARGE1,,,,,,,,,,,,,,,,,,,,GMPPB,,,,,,,,,,,,,,,,,,,,,,,,,,,,,,,,,,,,,,,,,,,,,,,,,,,,,,,,,,,,,,,,
,,,,,,,,,,,,,,,,,,,,,,,,,,,,,,,,,,MGAT5B,,,,,,,,,,,,,,,,,,,,ST6GALNAC2,,,,,,,,,,,,,,,,,,,,,,,,,,,,,,,,,,,,,,,,,,,,,,,,,,,,,,,,,,,,,,,,
,,,,,,,,,,,,,,,,,,,,,,,,,,,,,,,,,,ALG10,,,,,,,,,,,,,,,,,,,,B4GALNT2,,,,,,,,,,,,,,,,,,,,,,,,,,,,,,,,,,,,,,,,,,,,,,,,,,,,,,,,,,,,,,,,
,,,,,,,,,,,,,,,,,,,,,,,,,,,,,,,,,,UGGT2,,,,,,,,,,,,,,,,,,,,C1GALT1,,,,,,,,,,,,,,,,,,,,,,,,,,,,,,,,,,,,,,,,,,,,,,,,,,,,,,,,,,,,,,,,
,,,,,,,,,,,,,,,,,,,,,,,,,,,,,,,,,,GALNT11,,,,,,,,,,,,,,,,,,,,HS6ST3,,,,,,,,,,,,,,,,,,,,,,,,,,,,,,,,,,,,,,,,,,,,,,,,,,,,,,,,,,,,,,,,
,,,,,,,,,,,,,,,,,,,,,,,,,,,,,,,,,,CHSY3,,,,,,,,,,,,,,,,,,,,UGT1A3,,,,,,,,,,,,,,,,,,,,,,,,,,,,,,,,,,,,,,,,,,,,,,,,,,,,,,,,,,,,,,,,
,,,,,,,,,,,,,,,,,,,,,,,,,,,,,,,,,,POMGNT2,,,,,,,,,,,,,,,,,,,,SLC2A8,,,,,,,,,,,,,,,,,,,,,,,,,,,,,,,,,,,,,,,,,,,,,,,,,,,,,,,,,,,,,,,,
,,,,,,,,,,,,,,,,,,,,,,,,,,,,,,,,,,GNPTAB,,,,,,,,,,,,,,,,,,,,GAL3ST4,,,,,,,,,,,,,,,,,,,,,,,,,,,,,,,,,,,,,,,,,,,,,,,,,,,,,,,,,,,,,,,,
,,,,,,,,,,,,,,,,,,,,,,,,,,,,,,,,,,PGAP4,,,,,,,,,,,,,,,,,,,,CMAS,,,,,,,,,,,,,,,,,,,,,,,,,,,,,,,,,,,,,,,,,,,,,,,,,,,,,,,,,,,,,,,,
,,,,,,,,,,,,,,,,,,,,,,,,,,,,,,,,,,POMK,,,,,,,,,,,,,,,,,,,,PIGU,,,,,,,,,,,,,,,,,,,,,,,,,,,,,,,,,,,,,,,,,,,,,,,,,,,,,,,,,,,,,,,,
,,,,,,,,,,,,,,,,,,,,,,,,,,,,,,,,,,FUT5,,,,,,,,,,,,,,,,,,,,SLC2A2,,,,,,,,,,,,,,,,,,,,,,,,,,,,,,,,,,,,,,,,,,,,,,,,,,,,,,,,,,,,,,,,
,,,,,,,,,,,,,,,,,,,,,,,,,,,,,,,,,,ST6GALNAC4,,,,,,,,,,,,,,,,,,,,HSP90B1,,,,,,,,,,,,,,,,,,,,,,,,,,,,,,,,,,,,,,,,,,,,,,,,,,,,,,,,,,,,,,,,
,,,,,,,,,,,,,,,,,,,,,,,,,,,,,,,,,,UGCG,,,,,,,,,,,,,,,,,,,,NEU2,,,,,,,,,,,,,,,,,,,,,,,,,,,,,,,,,,,,,,,,,,,,,,,,,,,,,,,,,,,,,,,,
,,,,,,,,,,,,,,,,,,,,,,,,,,,,,,,,,,ST3GAL6,,,,,,,,,,,,,,,,,,,,XXYLT1,,,,,,,,,,,,,,,,,,,,,,,,,,,,,,,,,,,,,,,,,,,,,,,,,,,,,,,,,,,,,,,,
,,,,,,,,,,,,,,,,,,,,,,,,,,,,,,,,,,GNPTG,,,,,,,,,,,,,,,,,,,,HS6ST2,,,,,,,,,,,,,,,,,,,,,,,,,,,,,,,,,,,,,,,,,,,,,,,,,,,,,,,,,,,,,,,,
,,,,,,,,,,,,,,,,,,,,,,,,,,,,,,,,,,B3GNT5,,,,,,,,,,,,,,,,,,,,NDST4,,,,,,,,,,,,,,,,,,,,,,,,,,,,,,,,,,,,,,,,,,,,,,,,,,,,,,,,,,,,,,,,
,,,,,,,,,,,,,,,,,,,,,,,,,,,,,,,,,,ST6GALNAC1,,,,,,,,,,,,,,,,,,,,GALNS,,,,,,,,,,,,,,,,,,,,,,,,,,,,,,,,,,,,,,,,,,,,,,,,,,,,,,,,,,,,,,,,
,,,,,,,,,,,,,,,,,,,,,,,,,,,,,,,,,,CRPPA,,,,,,,,,,,,,,,,,,,,ALG10B,,,,,,,,,,,,,,,,,,,,,,,,,,,,,,,,,,,,,,,,,,,,,,,,,,,,,,,,,,,,,,,,
,,,,,,,,,,,,,,,,,,,,,,,,,,,,,,,,,,ALG8,,,,,,,,,,,,,,,,,,,,GNPTG,,,,,,,,,,,,,,,,,,,,,,,,,,,,,,,,,,,,,,,,,,,,,,,,,,,,,,,,,,,,,,,,
,,,,,,,,,,,,,,,,,,,,,,,,,,,,,,,,,,HAS3,,,,,,,,,,,,,,,,,,,,B4GALT4,,,,,,,,,,,,,,,,,,,,,,,,,,,,,,,,,,,,,,,,,,,,,,,,,,,,,,,,,,,,,,,,
,,,,,,,,,,,,,,,,,,,,,,,,,,,,,,,,,,B3GNT7,,,,,,,,,,,,,,,,,,,,POGLUT3,,,,,,,,,,,,,,,,,,,,,,,,,,,,,,,,,,,,,,,,,,,,,,,,,,,,,,,,,,,,,,,,
,,,,,,,,,,,,,,,,,,,,,,,,,,,,,,,,,,A3GALT2,,,,,,,,,,,,,,,,,,,,HK2,,,,,,,,,,,,,,,,,,,,,,,,,,,,,,,,,,,,,,,,,,,,,,,,,,,,,,,,,,,,,,,,
,,,,,,,,,,,,,,,,,,,,,,,,,,,,,,,,,,PIGA,,,,,,,,,,,,,,,,,,,,TPST2,,,,,,,,,,,,,,,,,,,,,,,,,,,,,,,,,,,,,,,,,,,,,,,,,,,,,,,,,,,,,,,,
,,,,,,,,,,,,,,,,,,,,,,,,,,,,,,,,,,ST8SIA5,,,,,,,,,,,,,,,,,,,,HS3ST2,,,,,,,,,,,,,,,,,,,,,,,,,,,,,,,,,,,,,,,,,,,,,,,,,,,,,,,,,,,,,,,,
,,,,,,,,,,,,,,,,,,,,,,,,,,,,,,,,,,DSE,,,,,,,,,,,,,,,,,,,,MAN2A2,,,,,,,,,,,,,,,,,,,,,,,,,,,,,,,,,,,,,,,,,,,,,,,,,,,,,,,,,,,,,,,,
,,,,,,,,,,,,,,,,,,,,,,,,,,,,,,,,,,PRKCSH,,,,,,,,,,,,,,,,,,,,EXT2,,,,,,,,,,,,,,,,,,,,,,,,,,,,,,,,,,,,,,,,,,,,,,,,,,,,,,,,,,,,,,,,
,,,,,,,,,,,,,,,,,,,,,,,,,,,,,,,,,,ALG9,,,,,,,,,,,,,,,,,,,,B4GALT6,,,,,,,,,,,,,,,,,,,,,,,,,,,,,,,,,,,,,,,,,,,,,,,,,,,,,,,,,,,,,,,,
,,,,,,,,,,,,,,,,,,,,,,,,,,,,,,,,,,EXT1,,,,,,,,,,,,,,,,,,,,PIGN,,,,,,,,,,,,,,,,,,,,,,,,,,,,,,,,,,,,,,,,,,,,,,,,,,,,,,,,,,,,,,,,
,,,,,,,,,,,,,,,,,,,,,,,,,,,,,,,,,,ST3GAL1,,,,,,,,,,,,,,,,,,,,CTBS,,,,,,,,,,,,,,,,,,,,,,,,,,,,,,,,,,,,,,,,,,,,,,,,,,,,,,,,,,,,,,,,
,,,,,,,,,,,,,,,,,,,,,,,,,,,,,,,,,,A4GALT,,,,,,,,,,,,,,,,,,,,UGT3A2,,,,,,,,,,,,,,,,,,,,,,,,,,,,,,,,,,,,,,,,,,,,,,,,,,,,,,,,,,,,,,,,
,,,,,,,,,,,,,,,,,,,,,,,,,,,,,,,,,,GALNT1,,,,,,,,,,,,,,,,,,,,TMTC4,,,,,,,,,,,,,,,,,,,,,,,,,,,,,,,,,,,,,,,,,,,,,,,,,,,,,,,,,,,,,,,,
,,,,,,,,,,,,,,,,,,,,,,,,,,,,,,,,,,B4GALT1,,,,,,,,,,,,,,,,,,,,DPY19L3,,,,,,,,,,,,,,,,,,,,,,,,,,,,,,,,,,,,,,,,,,,,,,,,,,,,,,,,,,,,,,,,
,,,,,,,,,,,,,,,,,,,,,,,,,,,,,,,,,,B4GALNT2,,,,,,,,,,,,,,,,,,,,ALG1L,,,,,,,,,,,,,,,,,,,,,,,,,,,,,,,,,,,,,,,,,,,,,,,,,,,,,,,,,,,,,,,,
,,,,,,,,,,,,,,,,,,,,,,,,,,,,,,,,,,MAN1A1,,,,,,,,,,,,,,,,,,,,CHST6,,,,,,,,,,,,,,,,,,,,,,,,,,,,,,,,,,,,,,,,,,,,,,,,,,,,,,,,,,,,,,,,
,,,,,,,,,,,,,,,,,,,,,,,,,,,,,,,,,,ST6GALNAC2,,,,,,,,,,,,,,,,,,,,XYLT2,,,,,,,,,,,,,,,,,,,,,,,,,,,,,,,,,,,,,,,,,,,,,,,,,,,,,,,,,,,,,,,,
,,,,,,,,,,,,,,,,,,,,,,,,,,,,,,,,,,CHST9,,,,,,,,,,,,,,,,,,,,HS3ST4,,,,,,,,,,,,,,,,,,,,,,,,,,,,,,,,,,,,,,,,,,,,,,,,,,,,,,,,,,,,,,,,
,,,,,,,,,,,,,,,,,,,,,,,,,,,,,,,,,,GALNT13,,,,,,,,,,,,,,,,,,,,HK1,,,,,,,,,,,,,,,,,,,,,,,,,,,,,,,,,,,,,,,,,,,,,,,,,,,,,,,,,,,,,,,,
,,,,,,,,,,,,,,,,,,,,,,,,,,,,,,,,,,CHST8,,,,,,,,,,,,,,,,,,,,NEU4,,,,,,,,,,,,,,,,,,,,,,,,,,,,,,,,,,,,,,,,,,,,,,,,,,,,,,,,,,,,,,,,
,,,,,,,,,,,,,,,,,,,,,,,,,,,,,,,,,,B4GALNT3,,,,,,,,,,,,,,,,,,,,NAGLU,,,,,,,,,,,,,,,,,,,,,,,,,,,,,,,,,,,,,,,,,,,,,,,,,,,,,,,,,,,,,,,,
,,,,,,,,,,,,,,,,,,,,,,,,,,,,,,,,,,EDEM2,,,,,,,,,,,,,,,,,,,,ALG9,,,,,,,,,,,,,,,,,,,,,,,,,,,,,,,,,,,,,,,,,,,,,,,,,,,,,,,,,,,,,,,,
,,,,,,,,,,,,,,,,,,,,,,,,,,,,,,,,,,B4GALT4,,,,,,,,,,,,,,,,,,,,MGAT5,,,,,,,,,,,,,,,,,,,,,,,,,,,,,,,,,,,,,,,,,,,,,,,,,,,,,,,,,,,,,,,,
,,,,,,,,,,,,,,,,,,,,,,,,,,,,,,,,,,B3GALT1,,,,,,,,,,,,,,,,,,,,GNPDA2,,,,,,,,,,,,,,,,,,,,,,,,,,,,,,,,,,,,,,,,,,,,,,,,,,,,,,,,,,,,,,,,
,,,,,,,,,,,,,,,,,,,,,,,,,,,,,,,,,,B4GALT2,,,,,,,,,,,,,,,,,,,,GCNT4,,,,,,,,,,,,,,,,,,,,,,,,,,,,,,,,,,,,,,,,,,,,,,,,,,,,,,,,,,,,,,,,
,,,,,,,,,,,,,,,,,,,,,,,,,,,,,,,,,,HAS1,,,,,,,,,,,,,,,,,,,,B4GALNT3,,,,,,,,,,,,,,,,,,,,,,,,,,,,,,,,,,,,,,,,,,,,,,,,,,,,,,,,,,,,,,,,
,,,,,,,,,,,,,,,,,,,,,,,,,,,,,,,,,,XYLT1,,,,,,,,,,,,,,,,,,,,HPSE,,,,,,,,,,,,,,,,,,,,,,,,,,,,,,,,,,,,,,,,,,,,,,,,,,,,,,,,,,,,,,,,
,,,,,,,,,,,,,,,,,,,,,,,,,,,,,,,,,,DPY19L3,,,,,,,,,,,,,,,,,,,,EXTL2,,,,,,,,,,,,,,,,,,,,,,,,,,,,,,,,,,,,,,,,,,,,,,,,,,,,,,,,,,,,,,,,
,,,,,,,,,,,,,,,,,,,,,,,,,,,,,,,,,,A4GNT,,,,,,,,,,,,,,,,,,,,GLA,,,,,,,,,,,,,,,,,,,,,,,,,,,,,,,,,,,,,,,,,,,,,,,,,,,,,,,,,,,,,,,,
,,,,,,,,,,,,,,,,,,,,,,,,,,,,,,,,,,EXTL3,,,,,,,,,,,,,,,,,,,,CHST3,,,,,,,,,,,,,,,,,,,,,,,,,,,,,,,,,,,,,,,,,,,,,,,,,,,,,,,,,,,,,,,,
,,,,,,,,,,,,,,,,,,,,,,,,,,,,,,,,,,FUT2,,,,,,,,,,,,,,,,,,,,HS3ST5,,,,,,,,,,,,,,,,,,,,,,,,,,,,,,,,,,,,,,,,,,,,,,,,,,,,,,,,,,,,,,,,
,,,,,,,,,,,,,,,,,,,,,,,,,,,,,,,,,,POGLUT3,,,,,,,,,,,,,,,,,,,,MGAT4A,,,,,,,,,,,,,,,,,,,,,,,,,,,,,,,,,,,,,,,,,,,,,,,,,,,,,,,,,,,,,,,,
,,,,,,,,,,,,,,,,,,,,,,,,,,,,,,,,,,LARGE2,,,,,,,,,,,,,,,,,,,,DSEL,,,,,,,,,,,,,,,,,,,,,,,,,,,,,,,,,,,,,,,,,,,,,,,,,,,,,,,,,,,,,,,,
,,,,,,,,,,,,,,,,,,,,,,,,,,,,,,,,,,GALNT6,,,,,,,,,,,,,,,,,,,,NANS,,,,,,,,,,,,,,,,,,,,,,,,,,,,,,,,,,,,,,,,,,,,,,,,,,,,,,,,,,,,,,,,
,,,,,,,,,,,,,,,,,,,,,,,,,,,,,,,,,,B3GALT6,,,,,,,,,,,,,,,,,,,,DAD1,,,,,,,,,,,,,,,,,,,,,,,,,,,,,,,,,,,,,,,,,,,,,,,,,,,,,,,,,,,,,,,,
,,,,,,,,,,,,,,,,,,,,,,,,,,,,,,,,,,,,,,,,,,,,,,,,,,,,,,ST8SIA4,,,,,,,,,,,,,,,,,,,,,,,,,,,,,,,,,,,,,,,,,,,,,,,,,,,,,,,,,,,,,,,,
,,,,,,,,,,,,,,,,,,,,,,,,,,,,,,,,,,,,,,,,,,,,,,,,,,,,,,DPM3,,,,,,,,,,,,,,,,,,,,,,,,,,,,,,,,,,,,,,,,,,,,,,,,,,,,,,,,,,,,,,,,
,,,,,,,,,,,,,,,,,,,,,,,,,,,,,,,,,,,,,,,,,,,,,,,,,,,,,,B4GALT5,,,,,,,,,,,,,,,,,,,,,,,,,,,,,,,,,,,,,,,,,,,,,,,,,,,,,,,,,,,,,,,,
,,,,,,,,,,,,,,,,,,,,,,,,,,,,,,,,,,,,,,,,,,,,,,,,,,,,,,GXYLT2,,,,,,,,,,,,,,,,,,,,,,,,,,,,,,,,,,,,,,,,,,,,,,,,,,,,,,,,,,,,,,,,
,,,,,,,,,,,,,,,,,,,,,,,,,,,,,,,,,,,,,,,,,,,,,,,,,,,,,,B3GNT7,,,,,,,,,,,,,,,,,,,,,,,,,,,,,,,,,,,,,,,,,,,,,,,,,,,,,,,,,,,,,,,,
,,,,,,,,,,,,,,,,,,,,,,,,,,,,,,,,,,,,,,,,,,,,,,,,,,,,,,SLC35D1,,,,,,,,,,,,,,,,,,,,,,,,,,,,,,,,,,,,,,,,,,,,,,,,,,,,,,,,,,,,,,,,
,,,,,,,,,,,,,,,,,,,,,,,,,,,,,,,,,,,,,,,,,,,,,,,,,,,,,,EXTL3,,,,,,,,,,,,,,,,,,,,,,,,,,,,,,,,,,,,,,,,,,,,,,,,,,,,,,,,,,,,,,,,
,,,,,,,,,,,,,,,,,,,,,,,,,,,,,,,,,,,,,,,,,,,,,,,,,,,,,,GCNT2,,,,,,,,,,,,,,,,,,,,,,,,,,,,,,,,,,,,,,,,,,,,,,,,,,,,,,,,,,,,,,,,
,,,,,,,,,,,,,,,,,,,,,,,,,,,,,,,,,,,,,,,,,,,,,,,,,,,,,,B4GALT1,,,,,,,,,,,,,,,,,,,,,,,,,,,,,,,,,,,,,,,,,,,,,,,,,,,,,,,,,,,,,,,,
,,,,,,,,,,,,,,,,,,,,,,,,,,,,,,,,,,,,,,,,,,,,,,,,,,,,,,MGAT2,,,,,,,,,,,,,,,,,,,,,,,,,,,,,,,,,,,,,,,,,,,,,,,,,,,,,,,,,,,,,,,,
,,,,,,,,,,,,,,,,,,,,,,,,,,,,,,,,,,,,,,,,,,,,,,,,,,,,,,GANC,,,,,,,,,,,,,,,,,,,,,,,,,,,,,,,,,,,,,,,,,,,,,,,,,,,,,,,,,,,,,,,,
,,,,,,,,,,,,,,,,,,,,,,,,,,,,,,,,,,,,,,,,,,,,,,,,,,,,,,GNPNAT1,,,,,,,,,,,,,,,,,,,,,,,,,,,,,,,,,,,,,,,,,,,,,,,,,,,,,,,,,,,,,,,,
,,,,,,,,,,,,,,,,,,,,,,,,,,,,,,,,,,,,,,,,,,,,,,,,,,,,,,B3GNT6,,,,,,,,,,,,,,,,,,,,,,,,,,,,,,,,,,,,,,,,,,,,,,,,,,,,,,,,,,,,,,,,
,,,,,,,,,,,,,,,,,,,,,,,,,,,,,,,,,,,,,,,,,,,,,,,,,,,,,,MAN2B1,,,,,,,,,,,,,,,,,,,,,,,,,,,,,,,,,,,,,,,,,,,,,,,,,,,,,,,,,,,,,,,,
,,,,,,,,,,,,,,,,,,,,,,,,,,,,,,,,,,,,,,,,,,,,,,,,,,,,,,CALR,,,,,,,,,,,,,,,,,,,,,,,,,,,,,,,,,,,,,,,,,,,,,,,,,,,,,,,,,,,,,,,,
,,,,,,,,,,,,,,,,,,,,,,,,,,,,,,,,,,,,,,,,,,,,,,,,,,,,,,B3GLCT,,,,,,,,,,,,,,,,,,,,,,,,,,,,,,,,,,,,,,,,,,,,,,,,,,,,,,,,,,,,,,,,
,,,,,,,,,,,,,,,,,,,,,,,,,,,,,,,,,,,,,,,,,,,,,,,,,,,,,,GALNT12,,,,,,,,,,,,,,,,,,,,,,,,,,,,,,,,,,,,,,,,,,,,,,,,,,,,,,,,,,,,,,,,
,,,,,,,,,,,,,,,,,,,,,,,,,,,,,,,,,,,,,,,,,,,,,,,,,,,,,,CHST14,,,,,,,,,,,,,,,,,,,,,,,,,,,,,,,,,,,,,,,,,,,,,,,,,,,,,,,,,,,,,,,,
,,,,,,,,,,,,,,,,,,,,,,,,,,,,,,,,,,,,,,,,,,,,,,,,,,,,,,POMT2,,,,,,,,,,,,,,,,,,,,,,,,,,,,,,,,,,,,,,,,,,,,,,,,,,,,,,,,,,,,,,,,
,,,,,,,,,,,,,,,,,,,,,,,,,,,,,,,,,,,,,,,,,,,,,,,,,,,,,,PGM2,,,,,,,,,,,,,,,,,,,,,,,,,,,,,,,,,,,,,,,,,,,,,,,,,,,,,,,,,,,,,,,,
,,,,,,,,,,,,,,,,,,,,,,,,,,,,,,,,,,,,,,,,,,,,,,,,,,,,,,HK3,,,,,,,,,,,,,,,,,,,,,,,,,,,,,,,,,,,,,,,,,,,,,,,,,,,,,,,,,,,,,,,,
,,,,,,,,,,,,,,,,,,,,,,,,,,,,,,,,,,,,,,,,,,,,,,,,,,,,,,EDEM2,,,,,,,,,,,,,,,,,,,,,,,,,,,,,,,,,,,,,,,,,,,,,,,,,,,,,,,,,,,,,,,,
,,,,,,,,,,,,,,,,,,,,,,,,,,,,,,,,,,,,,,,,,,,,,,,,,,,,,,B3GAT2,,,,,,,,,,,,,,,,,,,,,,,,,,,,,,,,,,,,,,,,,,,,,,,,,,,,,,,,,,,,,,,,
,,,,,,,,,,,,,,,,,,,,,,,,,,,,,,,,,,,,,,,,,,,,,,,,,,,,,,PIGH,,,,,,,,,,,,,,,,,,,,,,,,,,,,,,,,,,,,,,,,,,,,,,,,,,,,,,,,,,,,,,,,
,,,,,,,,,,,,,,,,,,,,,,,,,,,,,,,,,,,,,,,,,,,,,,,,,,,,,,PIGF,,,,,,,,,,,,,,,,,,,,,,,,,,,,,,,,,,,,,,,,,,,,,,,,,,,,,,,,,,,,,,,,
,,,,,,,,,,,,,,,,,,,,,,,,,,,,,,,,,,,,,,,,,,,,,,,,,,,,,,POGLUT2,,,,,,,,,,,,,,,,,,,,,,,,,,,,,,,,,,,,,,,,,,,,,,,,,,,,,,,,,,,,,,,,
,,,,,,,,,,,,,,,,,,,,,,,,,,,,,,,,,,,,,,,,,,,,,,,,,,,,,,GANAB,,,,,,,,,,,,,,,,,,,,,,,,,,,,,,,,,,,,,,,,,,,,,,,,,,,,,,,,,,,,,,,,
,,,,,,,,,,,,,,,,,,,,,,,,,,,,,,,,,,,,,,,,,,,,,,,,,,,,,,PIGO,,,,,,,,,,,,,,,,,,,,,,,,,,,,,,,,,,,,,,,,,,,,,,,,,,,,,,,,,,,,,,,,
,,,,,,,,,,,,,,,,,,,,,,,,,,,,,,,,,,,,,,,,,,,,,,,,,,,,,,NAGPA,,,,,,,,,,,,,,,,,,,,,,,,,,,,,,,,,,,,,,,,,,,,,,,,,,,,,,,,,,,,,,,,
,,,,,,,,,,,,,,,,,,,,,,,,,,,,,,,,,,,,,,,,,,,,,,,,,,,,,,FCSK,,,,,,,,,,,,,,,,,,,,,,,,,,,,,,,,,,,,,,,,,,,,,,,,,,,,,,,,,,,,,,,,
,,,,,,,,,,,,,,,,,,,,,,,,,,,,,,,,,,,,,,,,,,,,,,,,,,,,,,UGT2B11,,,,,,,,,,,,,,,,,,,,,,,,,,,,,,,,,,,,,,,,,,,,,,,,,,,,,,,,,,,,,,,,
,,,,,,,,,,,,,,,,,,,,,,,,,,,,,,,,,,,,,,,,,,,,,,,,,,,,,,XYLT1,,,,,,,,,,,,,,,,,,,,,,,,,,,,,,,,,,,,,,,,,,,,,,,,,,,,,,,,,,,,,,,,
,,,,,,,,,,,,,,,,,,,,,,,,,,,,,,,,,,,,,,,,,,,,,,,,,,,,,,PMM2,,,,,,,,,,,,,,,,,,,,,,,,,,,,,,,,,,,,,,,,,,,,,,,,,,,,,,,,,,,,,,,,
,,,,,,,,,,,,,,,,,,,,,,,,,,,,,,,,,,,,,,,,,,,,,,,,,,,,,,A4GALT,,,,,,,,,,,,,,,,,,,,,,,,,,,,,,,,,,,,,,,,,,,,,,,,,,,,,,,,,,,,,,,,
,,,,,,,,,,,,,,,,,,,,,,,,,,,,,,,,,,,,,,,,,,,,,,,,,,,,,,A4GNT,,,,,,,,,,,,,,,,,,,,,,,,,,,,,,,,,,,,,,,,,,,,,,,,,,,,,,,,,,,,,,,,
,,,,,,,,,,,,,,,,,,,,,,,,,,,,,,,,,,,,,,,,,,,,,,,,,,,,,,GALNT8,,,,,,,,,,,,,,,,,,,,,,,,,,,,,,,,,,,,,,,,,,,,,,,,,,,,,,,,,,,,,,,,
,,,,,,,,,,,,,,,,,,,,,,,,,,,,,,,,,,,,,,,,,,,,,,,,,,,,,,MGAT3,,,,,,,,,,,,,,,,,,,,,,,,,,,,,,,,,,,,,,,,,,,,,,,,,,,,,,,,,,,,,,,,
,,,,,,,,,,,,,,,,,,,,,,,,,,,,,,,,,,,,,,,,,,,,,,,,,,,,,,HYOU1,,,,,,,,,,,,,,,,,,,,,,,,,,,,,,,,,,,,,,,,,,,,,,,,,,,,,,,,,,,,,,,,
,,,,,,,,,,,,,,,,,,,,,,,,,,,,,,,,,,,,,,,,,,,,,,,,,,,,,,GCK,,,,,,,,,,,,,,,,,,,,,,,,,,,,,,,,,,,,,,,,,,,,,,,,,,,,,,,,,,,,,,,,
,,,,,,,,,,,,,,,,,,,,,,,,,,,,,,,,,,,,,,,,,,,,,,,,,,,,,,UGT1A7,,,,,,,,,,,,,,,,,,,,,,,,,,,,,,,,,,,,,,,,,,,,,,,,,,,,,,,,,,,,,,,,
,,,,,,,,,,,,,,,,,,,,,,,,,,,,,,,,,,,,,,,,,,,,,,,,,,,,,,GMPPA,,,,,,,,,,,,,,,,,,,,,,,,,,,,,,,,,,,,,,,,,,,,,,,,,,,,,,,,,,,,,,,,
,,,,,,,,,,,,,,,,,,,,,,,,,,,,,,,,,,,,,,,,,,,,,,,,,,,,,,PIGG,,,,,,,,,,,,,,,,,,,,,,,,,,,,,,,,,,,,,,,,,,,,,,,,,,,,,,,,,,,,,,,,
,,,,,,,,,,,,,,,,,,,,,,,,,,,,,,,,,,,,,,,,,,,,,,,,,,,,,,ARSK,,,,,,,,,,,,,,,,,,,,,,,,,,,,,,,,,,,,,,,,,,,,,,,,,,,,,,,,,,,,,,,,
,,,,,,,,,,,,,,,,,,,,,,,,,,,,,,,,,,,,,,,,,,,,,,,,,,,,,,UGT1A10,,,,,,,,,,,,,,,,,,,,,,,,,,,,,,,,,,,,,,,,,,,,,,,,,,,,,,,,,,,,,,,,
,,,,,,,,,,,,,,,,,,,,,,,,,,,,,,,,,,,,,,,,,,,,,,,,,,,,,,FUT4,,,,,,,,,,,,,,,,,,,,,,,,,,,,,,,,,,,,,,,,,,,,,,,,,,,,,,,,,,,,,,,,
,,,,,,,,,,,,,,,,,,,,,,,,,,,,,,,,,,,,,,,,,,,,,,,,,,,,,,ALG6,,,,,,,,,,,,,,,,,,,,,,,,,,,,,,,,,,,,,,,,,,,,,,,,,,,,,,,,,,,,,,,,
,,,,,,,,,,,,,,,,,,,,,,,,,,,,,,,,,,,,,,,,,,,,,,,,,,,,,,ST6GAL1,,,,,,,,,,,,,,,,,,,,,,,,,,,,,,,,,,,,,,,,,,,,,,,,,,,,,,,,,,,,,,,,
,,,,,,,,,,,,,,,,,,,,,,,,,,,,,,,,,,,,,,,,,,,,,,,,,,,,,,UGGT1,,,,,,,,,,,,,,,,,,,,,,,,,,,,,,,,,,,,,,,,,,,,,,,,,,,,,,,,,,,,,,,,
,,,,,,,,,,,,,,,,,,,,,,,,,,,,,,,,,,,,,,,,,,,,,,,,,,,,,,CHST13,,,,,,,,,,,,,,,,,,,,,,,,,,,,,,,,,,,,,,,,,,,,,,,,,,,,,,,,,,,,,,,,
,,,,,,,,,,,,,,,,,,,,,,,,,,,,,,,,,,,,,,,,,,,,,,,,,,,,,,TMTC1,,,,,,,,,,,,,,,,,,,,,,,,,,,,,,,,,,,,,,,,,,,,,,,,,,,,,,,,,,,,,,,,
,,,,,,,,,,,,,,,,,,,,,,,,,,,,,,,,,,,,,,,,,,,,,,,,,,,,,,GLCE,,,,,,,,,,,,,,,,,,,,,,,,,,,,,,,,,,,,,,,,,,,,,,,,,,,,,,,,,,,,,,,,
,,,,,,,,,,,,,,,,,,,,,,,,,,,,,,,,,,,,,,,,,,,,,,,,,,,,,,B3GALNT2,,,,,,,,,,,,,,,,,,,,,,,,,,,,,,,,,,,,,,,,,,,,,,,,,,,,,,,,,,,,,,,,
,,,,,,,,,,,,,,,,,,,,,,,,,,,,,,,,,,,,,,,,,,,,,,,,,,,,,,MAN1B1,,,,,,,,,,,,,,,,,,,,,,,,,,,,,,,,,,,,,,,,,,,,,,,,,,,,,,,,,,,,,,,,
,,,,,,,,,,,,,,,,,,,,,,,,,,,,,,,,,,,,,,,,,,,,,,,,,,,,,,NEU3,,,,,,,,,,,,,,,,,,,,,,,,,,,,,,,,,,,,,,,,,,,,,,,,,,,,,,,,,,,,,,,,
,,,,,,,,,,,,,,,,,,,,,,,,,,,,,,,,,,,,,,,,,,,,,,,,,,,,,,NAGK,,,,,,,,,,,,,,,,,,,,,,,,,,,,,,,,,,,,,,,,,,,,,,,,,,,,,,,,,,,,,,,,
,,,,,,,,,,,,,,,,,,,,,,,,,,,,,,,,,,,,,,,,,,,,,,,,,,,,,,FUT3,,,,,,,,,,,,,,,,,,,,,,,,,,,,,,,,,,,,,,,,,,,,,,,,,,,,,,,,,,,,,,,,
,,,,,,,,,,,,,,,,,,,,,,,,,,,,,,,,,,,,,,,,,,,,,,,,,,,,,,GLB1,,,,,,,,,,,,,,,,,,,,,,,,,,,,,,,,,,,,,,,,,,,,,,,,,,,,,,,,,,,,,,,,
,,,,,,,,,,,,,,,,,,,,,,,,,,,,,,,,,,,,,,,,,,,,,,,,,,,,,,GALE,,,,,,,,,,,,,,,,,,,,,,,,,,,,,,,,,,,,,,,,,,,,,,,,,,,,,,,,,,,,,,,,
,,,,,,,,,,,,,,,,,,,,,,,,,,,,,,,,,,,,,,,,,,,,,,,,,,,,,,ALG5,,,,,,,,,,,,,,,,,,,,,,,,,,,,,,,,,,,,,,,,,,,,,,,,,,,,,,,,,,,,,,,,
,,,,,,,,,,,,,,,,,,,,,,,,,,,,,,,,,,,,,,,,,,,,,,,,,,,,,,POMT1,,,,,,,,,,,,,,,,,,,,,,,,,,,,,,,,,,,,,,,,,,,,,,,,,,,,,,,,,,,,,,,,
,,,,,,,,,,,,,,,,,,,,,,,,,,,,,,,,,,,,,,,,,,,,,,,,,,,,,,PIGQ,,,,,,,,,,,,,,,,,,,,,,,,,,,,,,,,,,,,,,,,,,,,,,,,,,,,,,,,,,,,,,,,
,,,,,,,,,,,,,,,,,,,,,,,,,,,,,,,,,,,,,,,,,,,,,,,,,,,,,,GFPT1,,,,,,,,,,,,,,,,,,,,,,,,,,,,,,,,,,,,,,,,,,,,,,,,,,,,,,,,,,,,,,,,
,,,,,,,,,,,,,,,,,,,,,,,,,,,,,,,,,,,,,,,,,,,,,,,,,,,,,,HSPA5,,,,,,,,,,,,,,,,,,,,,,,,,,,,,,,,,,,,,,,,,,,,,,,,,,,,,,,,,,,,,,,,
,,,,,,,,,,,,,,,,,,,,,,,,,,,,,,,,,,,,,,,,,,,,,,,,,,,,,,ST6GALNAC5,,,,,,,,,,,,,,,,,,,,,,,,,,,,,,,,,,,,,,,,,,,,,,,,,,,,,,,,,,,,,,,,
,,,,,,,,,,,,,,,,,,,,,,,,,,,,,,,,,,,,,,,,,,,,,,,,,,,,,,B3GNT8,,,,,,,,,,,,,,,,,,,,,,,,,,,,,,,,,,,,,,,,,,,,,,,,,,,,,,,,,,,,,,,,
,,,,,,,,,,,,,,,,,,,,,,,,,,,,,,,,,,,,,,,,,,,,,,,,,,,,,,HEXB,,,,,,,,,,,,,,,,,,,,,,,,,,,,,,,,,,,,,,,,,,,,,,,,,,,,,,,,,,,,,,,,
,,,,,,,,,,,,,,,,,,,,,,,,,,,,,,,,,,,,,,,,,,,,,,,,,,,,,,UGDH,,,,,,,,,,,,,,,,,,,,,,,,,,,,,,,,,,,,,,,,,,,,,,,,,,,,,,,,,,,,,,,,
,,,,,,,,,,,,,,,,,,,,,,,,,,,,,,,,,,,,,,,,,,,,,,,,,,,,,,C1GALT1C1,,,,,,,,,,,,,,,,,,,,,,,,,,,,,,,,,,,,,,,,,,,,,,,,,,,,,,,,,,,,,,,,
,,,,,,,,,,,,,,,,,,,,,,,,,,,,,,,,,,,,,,,,,,,,,,,,,,,,,,EDEM3,,,,,,,,,,,,,,,,,,,,,,,,,,,,,,,,,,,,,,,,,,,,,,,,,,,,,,,,,,,,,,,,
,,,,,,,,,,,,,,,,,,,,,,,,,,,,,,,,,,,,,,,,,,,,,,,,,,,,,,CHST10,,,,,,,,,,,,,,,,,,,,,,,,,,,,,,,,,,,,,,,,,,,,,,,,,,,,,,,,,,,,,,,,
,,,,,,,,,,,,,,,,,,,,,,,,,,,,,,,,,,,,,,,,,,,,,,,,,,,,,,FUCA1,,,,,,,,,,,,,,,,,,,,,,,,,,,,,,,,,,,,,,,,,,,,,,,,,,,,,,,,,,,,,,,,
,,,,,,,,,,,,,,,,,,,,,,,,,,,,,,,,,,,,,,,,,,,,,,,,,,,,,,MANEA,,,,,,,,,,,,,,,,,,,,,,,,,,,,,,,,,,,,,,,,,,,,,,,,,,,,,,,,,,,,,,,,
,,,,,,,,,,,,,,,,,,,,,,,,,,,,,,,,,,,,,,,,,,,,,,,,,,,,,,POGLUT1,,,,,,,,,,,,,,,,,,,,,,,,,,,,,,,,,,,,,,,,,,,,,,,,,,,,,,,,,,,,,,,,
,,,,,,,,,,,,,,,,,,,,,,,,,,,,,,,,,,,,,,,,,,,,,,,,,,,,,,SLC2A12,,,,,,,,,,,,,,,,,,,,,,,,,,,,,,,,,,,,,,,,,,,,,,,,,,,,,,,,,,,,,,,,
,,,,,,,,,,,,,,,,,,,,,,,,,,,,,,,,,,,,,,,,,,,,,,,,,,,,,,CHSY1,,,,,,,,,,,,,,,,,,,,,,,,,,,,,,,,,,,,,,,,,,,,,,,,,,,,,,,,,,,,,,,,
,,,,,,,,,,,,,,,,,,,,,,,,,,,,,,,,,,,,,,,,,,,,,,,,,,,,,,LARGE2,,,,,,,,,,,,,,,,,,,,,,,,,,,,,,,,,,,,,,,,,,,,,,,,,,,,,,,,,,,,,,,,
,,,,,,,,,,,,,,,,,,,,,,,,,,,,,,,,,,,,,,,,,,,,,,,,,,,,,,GALNT14,,,,,,,,,,,,,,,,,,,,,,,,,,,,,,,,,,,,,,,,,,,,,,,,,,,,,,,,,,,,,,,,
,,,,,,,,,,,,,,,,,,,,,,,,,,,,,,,,,,,,,,,,,,,,,,,,,,,,,,CASD1,,,,,,,,,,,,,,,,,,,,,,,,,,,,,,,,,,,,,,,,,,,,,,,,,,,,,,,,,,,,,,,,
,,,,,,,,,,,,,,,,,,,,,,,,,,,,,,,,,,,,,,,,,,,,,,,,,,,,,,MAN1A2,,,,,,,,,,,,,,,,,,,,,,,,,,,,,,,,,,,,,,,,,,,,,,,,,,,,,,,,,,,,,,,,
,,,,,,,,,,,,,,,,,,,,,,,,,,,,,,,,,,,,,,,,,,,,,,,,,,,,,,OGA,,,,,,,,,,,,,,,,,,,,,,,,,,,,,,,,,,,,,,,,,,,,,,,,,,,,,,,,,,,,,,,,
,,,,,,,,,,,,,,,,,,,,,,,,,,,,,,,,,,,,,,,,,,,,,,,,,,,,,,LFNG,,,,,,,,,,,,,,,,,,,,,,,,,,,,,,,,,,,,,,,,,,,,,,,,,,,,,,,,,,,,,,,,
,,,,,,,,,,,,,,,,,,,,,,,,,,,,,,,,,,,,,,,,,,,,,,,,,,,,,,LMAN2,,,,,,,,,,,,,,,,,,,,,,,,,,,,,,,,,,,,,,,,,,,,,,,,,,,,,,,,,,,,,,,,
,,,,,,,,,,,,,,,,,,,,,,,,,,,,,,,,,,,,,,,,,,,,,,,,,,,,,,SGSH,,,,,,,,,,,,,,,,,,,,,,,,,,,,,,,,,,,,,,,,,,,,,,,,,,,,,,,,,,,,,,,,
,,,,,,,,,,,,,,,,,,,,,,,,,,,,,,,,,,,,,,,,,,,,,,,,,,,,,,DPAGT1,,,,,,,,,,,,,,,,,,,,,,,,,,,,,,,,,,,,,,,,,,,,,,,,,,,,,,,,,,,,,,,,
,,,,,,,,,,,,,,,,,,,,,,,,,,,,,,,,,,,,,,,,,,,,,,,,,,,,,,ST3GAL2,,,,,,,,,,,,,,,,,,,,,,,,,,,,,,,,,,,,,,,,,,,,,,,,,,,,,,,,,,,,,,,,
,,,,,,,,,,,,,,,,,,,,,,,,,,,,,,,,,,,,,,,,,,,,,,,,,,,,,,CHST7,,,,,,,,,,,,,,,,,,,,,,,,,,,,,,,,,,,,,,,,,,,,,,,,,,,,,,,,,,,,,,,,
,,,,,,,,,,,,,,,,,,,,,,,,,,,,,,,,,,,,,,,,,,,,,,,,,,,,,,SLC35A2,,,,,,,,,,,,,,,,,,,,,,,,,,,,,,,,,,,,,,,,,,,,,,,,,,,,,,,,,,,,,,,,
,,,,,,,,,,,,,,,,,,,,,,,,,,,,,,,,,,,,,,,,,,,,,,,,,,,,,,ST8SIA6,,,,,,,,,,,,,,,,,,,,,,,,,,,,,,,,,,,,,,,,,,,,,,,,,,,,,,,,,,,,,,,,
,,,,,,,,,,,,,,,,,,,,,,,,,,,,,,,,,,,,,,,,,,,,,,,,,,,,,,HPSE2,,,,,,,,,,,,,,,,,,,,,,,,,,,,,,,,,,,,,,,,,,,,,,,,,,,,,,,,,,,,,,,,
,,,,,,,,,,,,,,,,,,,,,,,,,,,,,,,,,,,,,,,,,,,,,,,,,,,,,,ST3GAL3,,,,,,,,,,,,,,,,,,,,,,,,,,,,,,,,,,,,,,,,,,,,,,,,,,,,,,,,,,,,,,,,
,,,,,,,,,,,,,,,,,,,,,,,,,,,,,,,,,,,,,,,,,,,,,,,,,,,,,,HS3ST3A1,,,,,,,,,,,,,,,,,,,,,,,,,,,,,,,,,,,,,,,,,,,,,,,,,,,,,,,,,,,,,,,,
,,,,,,,,,,,,,,,,,,,,,,,,,,,,,,,,,,,,,,,,,,,,,,,,,,,,,,PMM1,,,,,,,,,,,,,,,,,,,,,,,,,,,,,,,,,,,,,,,,,,,,,,,,,,,,,,,,,,,,,,,,
,,,,,,,,,,,,,,,,,,,,,,,,,,,,,,,,,,,,,,,,,,,,,,,,,,,,,,PAPSS2,,,,,,,,,,,,,,,,,,,,,,,,,,,,,,,,,,,,,,,,,,,,,,,,,,,,,,,,,,,,,,,,
,,,,,,,,,,,,,,,,,,,,,,,,,,,,,,,,,,,,,,,,,,,,,,,,,,,,,,GAA,,,,,,,,,,,,,,,,,,,,,,,,,,,,,,,,,,,,,,,,,,,,,,,,,,,,,,,,,,,,,,,,
,,,,,,,,,,,,,,,,,,,,,,,,,,,,,,,,,,,,,,,,,,,,,,,,,,,,,,NDST2,,,,,,,,,,,,,,,,,,,,,,,,,,,,,,,,,,,,,,,,,,,,,,,,,,,,,,,,,,,,,,,,
,,,,,,,,,,,,,,,,,,,,,,,,,,,,,,,,,,,,,,,,,,,,,,,,,,,,,,B3GAT3,,,,,,,,,,,,,,,,,,,,,,,,,,,,,,,,,,,,,,,,,,,,,,,,,,,,,,,,,,,,,,,,
,,,,,,,,,,,,,,,,,,,,,,,,,,,,,,,,,,,,,,,,,,,,,,,,,,,,,,GBA,,,,,,,,,,,,,,,,,,,,,,,,,,,,,,,,,,,,,,,,,,,,,,,,,,,,,,,,,,,,,,,,
,,,,,,,,,,,,,,,,,,,,,,,,,,,,,,,,,,,,,,,,,,,,,,,,,,,,,,B3GNT3,,,,,,,,,,,,,,,,,,,,,,,,,,,,,,,,,,,,,,,,,,,,,,,,,,,,,,,,,,,,,,,,
,,,,,,,,,,,,,,,,,,,,,,,,,,,,,,,,,,,,,,,,,,,,,,,,,,,,,,GALNT16,,,,,,,,,,,,,,,,,,,,,,,,,,,,,,,,,,,,,,,,,,,,,,,,,,,,,,,,,,,,,,,,
,,,,,,,,,,,,,,,,,,,,,,,,,,,,,,,,,,,,,,,,,,,,,,,,,,,,,,UGT2B15,,,,,,,,,,,,,,,,,,,,,,,,,,,,,,,,,,,,,,,,,,,,,,,,,,,,,,,,,,,,,,,,
,,,,,,,,,,,,,,,,,,,,,,,,,,,,,,,,,,,,,,,,,,,,,,,,,,,,,,RFNG,,,,,,,,,,,,,,,,,,,,,,,,,,,,,,,,,,,,,,,,,,,,,,,,,,,,,,,,,,,,,,,,
,,,,,,,,,,,,,,,,,,,,,,,,,,,,,,,,,,,,,,,,,,,,,,,,,,,,,,MANBA,,,,,,,,,,,,,,,,,,,,,,,,,,,,,,,,,,,,,,,,,,,,,,,,,,,,,,,,,,,,,,,,
,,,,,,,,,,,,,,,,,,,,,,,,,,,,,,,,,,,,,,,,,,,,,,,,,,,,,,UGT1A6,,,,,,,,,,,,,,,,,,,,,,,,,,,,,,,,,,,,,,,,,,,,,,,,,,,,,,,,,,,,,,,,
,,,,,,,,,,,,,,,,,,,,,,,,,,,,,,,,,,,,,,,,,,,,,,,,,,,,,,PIGX,,,,,,,,,,,,,,,,,,,,,,,,,,,,,,,,,,,,,,,,,,,,,,,,,,,,,,,,,,,,,,,,
,,,,,,,,,,,,,,,,,,,,,,,,,,,,,,,,,,,,,,,,,,,,,,,,,,,,,,MPI,,,,,,,,,,,,,,,,,,,,,,,,,,,,,,,,,,,,,,,,,,,,,,,,,,,,,,,,,,,,,,,,
,,,,,,,,,,,,,,,,,,,,,,,,,,,,,,,,,,,,,,,,,,,,,,,,,,,,,,HS2ST1,,,,,,,,,,,,,,,,,,,,,,,,,,,,,,,,,,,,,,,,,,,,,,,,,,,,,,,,,,,,,,,,
,,,,,,,,,,,,,,,,,,,,,,,,,,,,,,,,,,,,,,,,,,,,,,,,,,,,,,GFUS,,,,,,,,,,,,,,,,,,,,,,,,,,,,,,,,,,,,,,,,,,,,,,,,,,,,,,,,,,,,,,,,
,,,,,,,,,,,,,,,,,,,,,,,,,,,,,,,,,,,,,,,,,,,,,,,,,,,,,,B3GAT1,,,,,,,,,,,,,,,,,,,,,,,,,,,,,,,,,,,,,,,,,,,,,,,,,,,,,,,,,,,,,,,,
,,,,,,,,,,,,,,,,,,,,,,,,,,,,,,,,,,,,,,,,,,,,,,,,,,,,,,GALNT7,,,,,,,,,,,,,,,,,,,,,,,,,,,,,,,,,,,,,,,,,,,,,,,,,,,,,,,,,,,,,,,,
,,,,,,,,,,,,,,,,,,,,,,,,,,,,,,,,,,,,,,,,,,,,,,,,,,,,,,POFUT2,,,,,,,,,,,,,,,,,,,,,,,,,,,,,,,,,,,,,,,,,,,,,,,,,,,,,,,,,,,,,,,,
,,,,,,,,,,,,,,,,,,,,,,,,,,,,,,,,,,,,,,,,,,,,,,,,,,,,,,B3GALNT1,,,,,,,,,,,,,,,,,,,,,,,,,,,,,,,,,,,,,,,,,,,,,,,,,,,,,,,,,,,,,,,,
,,,,,,,,,,,,,,,,,,,,,,,,,,,,,,,,,,,,,,,,,,,,,,,,,,,,,,RENBP,,,,,,,,,,,,,,,,,,,,,,,,,,,,,,,,,,,,,,,,,,,,,,,,,,,,,,,,,,,,,,,,
,,,,,,,,,,,,,,,,,,,,,,,,,,,,,,,,,,,,,,,,,,,,,,,,,,,,,,TPST1,,,,,,,,,,,,,,,,,,,,,,,,,,,,,,,,,,,,,,,,,,,,,,,,,,,,,,,,,,,,,,,,
,,,,,,,,,,,,,,,,,,,,,,,,,,,,,,,,,,,,,,,,,,,,,,,,,,,,,,GALK2,,,,,,,,,,,,,,,,,,,,,,,,,,,,,,,,,,,,,,,,,,,,,,,,,,,,,,,,,,,,,,,,
,,,,,,,,,,,,,,,,,,,,,,,,,,,,,,,,,,,,,,,,,,,,,,,,,,,,,,ST8SIA2,,,,,,,,,,,,,,,,,,,,,,,,,,,,,,,,,,,,,,,,,,,,,,,,,,,,,,,,,,,,,,,,
,,,,,,,,,,,,,,,,,,,,,,,,,,,,,,,,,,,,,,,,,,,,,,,,,,,,,,FUCA2,,,,,,,,,,,,,,,,,,,,,,,,,,,,,,,,,,,,,,,,,,,,,,,,,,,,,,,,,,,,,,,,
,,,,,,,,,,,,,,,,,,,,,,,,,,,,,,,,,,,,,,,,,,,,,,,,,,,,,,MAN2C1,,,,,,,,,,,,,,,,,,,,,,,,,,,,,,,,,,,,,,,,,,,,,,,,,,,,,,,,,,,,,,,,
,,,,,,,,,,,,,,,,,,,,,,,,,,,,,,,,,,,,,,,,,,,,,,,,,,,,,,GNPDA1,,,,,,,,,,,,,,,,,,,,,,,,,,,,,,,,,,,,,,,,,,,,,,,,,,,,,,,,,,,,,,,,
,,,,,,,,,,,,,,,,,,,,,,,,,,,,,,,,,,,,,,,,,,,,,,,,,,,,,,UST,,,,,,,,,,,,,,,,,,,,,,,,,,,,,,,,,,,,,,,,,,,,,,,,,,,,,,,,,,,,,,,,
,,,,,,,,,,,,,,,,,,,,,,,,,,,,,,,,,,,,,,,,,,,,,,,,,,,,,,COLGALT2,,,,,,,,,,,,,,,,,,,,,,,,,,,,,,,,,,,,,,,,,,,,,,,,,,,,,,,,,,,,,,,,
,,,,,,,,,,,,,,,,,,,,,,,,,,,,,,,,,,,,,,,,,,,,,,,,,,,,,,IDS,,,,,,,,,,,,,,,,,,,,,,,,,,,,,,,,,,,,,,,,,,,,,,,,,,,,,,,,,,,,,,,,
,,,,,,,,,,,,,,,,,,,,,,,,,,,,,,,,,,,,,,,,,,,,,,,,,,,,,,CHST4,,,,,,,,,,,,,,,,,,,,,,,,,,,,,,,,,,,,,,,,,,,,,,,,,,,,,,,,,,,,,,,,
,,,,,,,,,,,,,,,,,,,,,,,,,,,,,,,,,,,,,,,,,,,,,,,,,,,,,,UGT2B17,,,,,,,,,,,,,,,,,,,,,,,,,,,,,,,,,,,,,,,,,,,,,,,,,,,,,,,,,,,,,,,,
,,,,,,,,,,,,,,,,,,,,,,,,,,,,,,,,,,,,,,,,,,,,,,,,,,,,,,PIGW,,,,,,,,,,,,,,,,,,,,,,,,,,,,,,,,,,,,,,,,,,,,,,,,,,,,,,,,,,,,,,,,
,,,,,,,,,,,,,,,,,,,,,,,,,,,,,,,,,,,,,,,,,,,,,,,,,,,,,,CHPF2,,,,,,,,,,,,,,,,,,,,,,,,,,,,,,,,,,,,,,,,,,,,,,,,,,,,,,,,,,,,,,,,
,,,,,,,,,,,,,,,,,,,,,,,,,,,,,,,,,,,,,,,,,,,,,,,,,,,,,,FUT6,,,,,,,,,,,,,,,,,,,,,,,,,,,,,,,,,,,,,,,,,,,,,,,,,,,,,,,,,,,,,,,,
,,,,,,,,,,,,,,,,,,,,,,,,,,,,,,,,,,,,,,,,,,,,,,,,,,,,,,GNS,,,,,,,,,,,,,,,,,,,,,,,,,,,,,,,,,,,,,,,,,,,,,,,,,,,,,,,,,,,,,,,,
,,,,,,,,,,,,,,,,,,,,,,,,,,,,,,,,,,,,,,,,,,,,,,,,,,,,,,HYAL3,,,,,,,,,,,,,,,,,,,,,,,,,,,,,,,,,,,,,,,,,,,,,,,,,,,,,,,,,,,,,,,,
,,,,,,,,,,,,,,,,,,,,,,,,,,,,,,,,,,,,,,,,,,,,,,,,,,,,,,STT3B,,,,,,,,,,,,,,,,,,,,,,,,,,,,,,,,,,,,,,,,,,,,,,,,,,,,,,,,,,,,,,,,
,,,,,,,,,,,,,,,,,,,,,,,,,,,,,,,,,,,,,,,,,,,,,,,,,,,,,,SLC2A1,,,,,,,,,,,,,,,,,,,,,,,,,,,,,,,,,,,,,,,,,,,,,,,,,,,,,,,,,,,,,,,,
,,,,,,,,,,,,,,,,,,,,,,,,,,,,,,,,,,,,,,,,,,,,,,,,,,,,,,UAP1,,,,,,,,,,,,,,,,,,,,,,,,,,,,,,,,,,,,,,,,,,,,,,,,,,,,,,,,,,,,,,,,
,,,,,,,,,,,,,,,,,,,,,,,,,,,,,,,,,,,,,,,,,,,,,,,,,,,,,,GALNT2,,,,,,,,,,,,,,,,,,,,,,,,,,,,,,,,,,,,,,,,,,,,,,,,,,,,,,,,,,,,,,,,
,,,,,,,,,,,,,,,,,,,,,,,,,,,,,,,,,,,,,,,,,,,,,,,,,,,,,,SPAM1,,,,,,,,,,,,,,,,,,,,,,,,,,,,,,,,,,,,,,,,,,,,,,,,,,,,,,,,,,,,,,,,
,,,,,,,,,,,,,,,,,,,,,,,,,,,,,,,,,,,,,,,,,,,,,,,,,,,,,,ST8SIA1,,,,,,,,,,,,,,,,,,,,,,,,,,,,,,,,,,,,,,,,,,,,,,,,,,,,,,,,,,,,,,,,
,,,,,,,,,,,,,,,,,,,,,,,,,,,,,,,,,,,,,,,,,,,,,,,,,,,,,,UGT2B7,,,,,,,,,,,,,,,,,,,,,,,,,,,,,,,,,,,,,,,,,,,,,,,,,,,,,,,,,,,,,,,,
,,,,,,,,,,,,,,,,,,,,,,,,,,,,,,,,,,,,,,,,,,,,,,,,,,,,,,PIGV,,,,,,,,,,,,,,,,,,,,,,,,,,,,,,,,,,,,,,,,,,,,,,,,,,,,,,,,,,,,,,,,
,,,,,,,,,,,,,,,,,,,,,,,,,,,,,,,,,,,,,,,,,,,,,,,,,,,,,,UGT2A2,,,,,,,,,,,,,,,,,,,,,,,,,,,,,,,,,,,,,,,,,,,,,,,,,,,,,,,,,,,,,,,,
,,,,,,,,,,,,,,,,,,,,,,,,,,,,,,,,,,,,,,,,,,,,,,,,,,,,,,POFUT1,,,,,,,,,,,,,,,,,,,,,,,,,,,,,,,,,,,,,,,,,,,,,,,,,,,,,,,,,,,,,,,,
,,,,,,,,,,,,,,,,,,,,,,,,,,,,,,,,,,,,,,,,,,,,,,,,,,,,,,PIGC,,,,,,,,,,,,,,,,,,,,,,,,,,,,,,,,,,,,,,,,,,,,,,,,,,,,,,,,,,,,,,,,
,,,,,,,,,,,,,,,,,,,,,,,,,,,,,,,,,,,,,,,,,,,,,,,,,,,,,,GALNT18,,,,,,,,,,,,,,,,,,,,,,,,,,,,,,,,,,,,,,,,,,,,,,,,,,,,,,,,,,,,,,,,
,,,,,,,,,,,,,,,,,,,,,,,,,,,,,,,,,,,,,,,,,,,,,,,,,,,,,,PXYLP1,,,,,,,,,,,,,,,,,,,,,,,,,,,,,,,,,,,,,,,,,,,,,,,,,,,,,,,,,,,,,,,,
,,,,,,,,,,,,,,,,,,,,,,,,,,,,,,,,,,,,,,,,,,,,,,,,,,,,,,SLC35B4,,,,,,,,,,,,,,,,,,,,,,,,,,,,,,,,,,,,,,,,,,,,,,,,,,,,,,,,,,,,,,,,
,,,,,,,,,,,,,,,,,,,,,,,,,,,,,,,,,,,,,,,,,,,,,,,,,,,,,,ALG1L2,,,,,,,,,,,,,,,,,,,,,,,,,,,,,,,,,,,,,,,,,,,,,,,,,,,,,,,,,,,,,,,,
,,,,,,,,,,,,,,,,,,,,,,,,,,,,,,,,,,,,,,,,,,,,,,,,,,,,,,COLGALT1,,,,,,,,,,,,,,,,,,,,,,,,,,,,,,,,,,,,,,,,,,,,,,,,,,,,,,,,,,,,,,,,
,,,,,,,,,,,,,,,,,,,,,,,,,,,,,,,,,,,,,,,,,,,,,,,,,,,,,,MOGS,,,,,,,,,,,,,,,,,,,,,,,,,,,,,,,,,,,,,,,,,,,,,,,,,,,,,,,,,,,,,,,,
,,,,,,,,,,,,,,,,,,,,,,,,,,,,,,,,,,,,,,,,,,,,,,,,,,,,,,PIGM,,,,,,,,,,,,,,,,,,,,,,,,,,,,,,,,,,,,,,,,,,,,,,,,,,,,,,,,,,,,,,,,
,,,,,,,,,,,,,,,,,,,,,,,,,,,,,,,,,,,,,,,,,,,,,,,,,,,,,,PIGY,,,,,,,,,,,,,,,,,,,,,,,,,,,,,,,,,,,,,,,,,,,,,,,,,,,,,,,,,,,,,,,,
,,,,,,,,,,,,,,,,,,,,,,,,,,,,,,,,,,,,,,,,,,,,,,,,,,,,,,ALG2,,,,,,,,,,,,,,,,,,,,,,,,,,,,,,,,,,,,,,,,,,,,,,,,,,,,,,,,,,,,,,,,
,,,,,,,,,,,,,,,,,,,,,,,,,,,,,,,,,,,,,,,,,,,,,,,,,,,,,,ALG1,,,,,,,,,,,,,,,,,,,,,,,,,,,,,,,,,,,,,,,,,,,,,,,,,,,,,,,,,,,,,,,,
,,,,,,,,,,,,,,,,,,,,,,,,,,,,,,,,,,,,,,,,,,,,,,,,,,,,,,PIGT,,,,,,,,,,,,,,,,,,,,,,,,,,,,,,,,,,,,,,,,,,,,,,,,,,,,,,,,,,,,,,,,
,,,,,,,,,,,,,,,,,,,,,,,,,,,,,,,,,,,,,,,,,,,,,,,,,,,,,,FUT8,,,,,,,,,,,,,,,,,,,,,,,,,,,,,,,,,,,,,,,,,,,,,,,,,,,,,,,,,,,,,,,,
,,,,,,,,,,,,,,,,,,,,,,,,,,,,,,,,,,,,,,,,,,,,,,,,,,,,,,B4GALT7,,,,,,,,,,,,,,,,,,,,,,,,,,,,,,,,,,,,,,,,,,,,,,,,,,,,,,,,,,,,,,,,
,,,,,,,,,,,,,,,,,,,,,,,,,,,,,,,,,,,,,,,,,,,,,,,,,,,,,,GBA3,,,,,,,,,,,,,,,,,,,,,,,,,,,,,,,,,,,,,,,,,,,,,,,,,,,,,,,,,,,,,,,,
,,,,,,,,,,,,,,,,,,,,,,,,,,,,,,,,,,,,,,,,,,,,,,,,,,,,,,GMDS,,,,,,,,,,,,,,,,,,,,,,,,,,,,,,,,,,,,,,,,,,,,,,,,,,,,,,,,,,,,,,,,
,,,,,,,,,,,,,,,,,,,,,,,,,,,,,,,,,,,,,,,,,,,,,,,,,,,,,,UGT1A8,,,,,,,,,,,,,,,,,,,,,,,,,,,,,,,,,,,,,,,,,,,,,,,,,,,,,,,,,,,,,,,,
,,,,,,,,,,,,,,,,,,,,,,,,,,,,,,,,,,,,,,,,,,,,,,,,,,,,,,PIGP,,,,,,,,,,,,,,,,,,,,,,,,,,,,,,,,,,,,,,,,,,,,,,,,,,,,,,,,,,,,,,,,
,,,,,,,,,,,,,,,,,,,,,,,,,,,,,,,,,,,,,,,,,,,,,,,,,,,,,,FUT9,,,,,,,,,,,,,,,,,,,,,,,,,,,,,,,,,,,,,,,,,,,,,,,,,,,,,,,,,,,,,,,,
,,,,,,,,,,,,,,,,,,,,,,,,,,,,,,,,,,,,,,,,,,,,,,,,,,,,,,PIGZ,,,,,,,,,,,,,,,,,,,,,,,,,,,,,,,,,,,,,,,,,,,,,,,,,,,,,,,,,,,,,,,,
,,,,,,,,,,,,,,,,,,,,,,,,,,,,,,,,,,,,,,,,,,,,,,,,,,,,,,UGT1A4,,,,,,,,,,,,,,,,,,,,,,,,,,,,,,,,,,,,,,,,,,,,,,,,,,,,,,,,,,,,,,,,
,,,,,,,,,,,,,,,,,,,,,,,,,,,,,,,,,,,,,,,,,,,,,,,,,,,,,,NDST3,,,,,,,,,,,,,,,,,,,,,,,,,,,,,,,,,,,,,,,,,,,,,,,,,,,,,,,,,,,,,,,,
,,,,,,,,,,,,,,,,,,,,,,,,,,,,,,,,,,,,,,,,,,,,,,,,,,,,,,MGAT4C,,,,,,,,,,,,,,,,,,,,,,,,,,,,,,,,,,,,,,,,,,,,,,,,,,,,,,,,,,,,,,,,
,,,,,,,,,,,,,,,,,,,,,,,,,,,,,,,,,,,,,,,,,,,,,,,,,,,,,,ST6GAL2,,,,,,,,,,,,,,,,,,,,,,,,,,,,,,,,,,,,,,,,,,,,,,,,,,,,,,,,,,,,,,,,
,,,,,,,,,,,,,,,,,,,,,,,,,,,,,,,,,,,,,,,,,,,,,,,,,,,,,,GALNT11,,,,,,,,,,,,,,,,,,,,,,,,,,,,,,,,,,,,,,,,,,,,,,,,,,,,,,,,,,,,,,,,
,,,,,,,,,,,,,,,,,,,,,,,,,,,,,,,,,,,,,,,,,,,,,,,,,,,,,,UGCG,,,,,,,,,,,,,,,,,,,,,,,,,,,,,,,,,,,,,,,,,,,,,,,,,,,,,,,,,,,,,,,,
,,,,,,,,,,,,,,,,,,,,,,,,,,,,,,,,,,,,,,,,,,,,,,,,,,,,,,ALG12,,,,,,,,,,,,,,,,,,,,,,,,,,,,,,,,,,,,,,,,,,,,,,,,,,,,,,,,,,,,,,,,
,,,,,,,,,,,,,,,,,,,,,,,,,,,,,,,,,,,,,,,,,,,,,,,,,,,,,,EDEM1,,,,,,,,,,,,,,,,,,,,,,,,,,,,,,,,,,,,,,,,,,,,,,,,,,,,,,,,,,,,,,,,
,,,,,,,,,,,,,,,,,,,,,,,,,,,,,,,,,,,,,,,,,,,,,,,,,,,,,,DPM2,,,,,,,,,,,,,,,,,,,,,,,,,,,,,,,,,,,,,,,,,,,,,,,,,,,,,,,,,,,,,,,,
,,,,,,,,,,,,,,,,,,,,,,,,,,,,,,,,,,,,,,,,,,,,,,,,,,,,,,ST6GALNAC6,,,,,,,,,,,,,,,,,,,,,,,,,,,,,,,,,,,,,,,,,,,,,,,,,,,,,,,,,,,,,,,,
,,,,,,,,,,,,,,,,,,,,,,,,,,,,,,,,,,,,,,,,,,,,,,,,,,,,,,B3GALT6,,,,,,,,,,,,,,,,,,,,,,,,,,,,,,,,,,,,,,,,,,,,,,,,,,,,,,,,,,,,,,,,